,Rk,Squad,MP,W,D,L,GF,GA,GD,Pts,Pts/MP,xG,xGA,xGD,xGD/90,Last 5,Attendance,Top Team Scorer,Goalkeeper,Notes,season
0,1,Manchester City,12,9,1,2,32,12,20,28,2.33,24.4,11.1,13.3,1.11,L W W W D,42627.0,Erling Haaland - 13,Ederson,,2023-2024
1,2,Liverpool,12,8,3,1,27,10,17,27,2.25,26.5,14.5,12.0,1.0,D W W D W,50648.0,Mohamed Salah - 10,Alisson,,2023-2024
2,3,Arsenal,12,8,3,1,26,10,16,27,2.25,21.0,9.2,11.8,0.99,W D W L W,60130.0,Eddie Nketiah - 5,David Raya,,2023-2024
3,4,Tottenham,12,8,2,2,24,15,9,26,2.17,19.2,18.6,0.6,0.05,W W W L L,61726.0,Son Heung-min - 8,Guglielmo Vicario,,2023-2024
4,5,Aston Villa,12,8,1,3,29,17,12,25,2.08,23.5,15.9,7.7,0.64,D W W L W,41378.0,Ollie Watkins - 6,Emiliano Martínez,,2023-2024
5,6,Manchester Utd,12,7,0,5,13,16,-3,21,1.75,17.5,18.9,-1.3,-0.11,W W L W W,73504.0,"Bruno Fernandes, Scott McTominay - 3",André Onana,,2023-2024
6,7,Newcastle Utd,12,6,2,4,27,13,14,20,1.67,23.4,13.2,10.1,0.84,D W D W L,52027.0,Callum Wilson - 7,Nick Pope,,2023-2024
7,8,Brighton,12,5,4,3,25,21,4,19,1.58,20.8,17.0,3.8,0.31,D L D D D,31612.0,Evan Ferguson - 5,Jason Steele,,2023-2024
8,9,West Ham,12,5,2,5,21,22,-1,17,1.42,17.6,22.2,-4.6,-0.39,D L L L W,62466.0,Jarrod Bowen - 8,Alphonse Areola,,2023-2024
9,10,Chelsea,12,4,4,4,21,16,5,16,1.33,25.2,15.0,10.2,0.85,W D L W D,39763.0,Nicolas Jackson - 6,Robert Sánchez,,2023-2024
10,11,Brentford,12,4,4,4,19,17,2,16,1.33,22.1,16.3,5.8,0.48,L W W W L,17025.0,Bryan Mbeumo - 6,Mark Flekken,,2023-2024
11,12,Wolves,12,4,3,5,16,20,-4,15,1.25,16.4,19.5,-3.1,-0.26,D W D L W,31440.0,Hwang Hee-chan - 6,José Sá,,2023-2024
12,13,Crystal Palace,12,4,3,5,12,16,-4,15,1.25,14.2,16.7,-2.6,-0.21,D L L W L,24866.0,Odsonne Édouard - 5,Sam Johnstone,,2023-2024
13,14,Nott'ham Forest,12,3,4,5,14,18,-4,13,1.08,13.2,18.7,-5.5,-0.45,D D L W L,29214.0,Taiwo Awoniyi - 4,Matt Turner,,2023-2024
14,15,Fulham,12,3,3,6,10,20,-10,12,1.0,12.4,22.0,-9.6,-0.8,W L D L L,24385.0,"Bobby Reid, João Palhinha - 2",Bernd Leno,,2023-2024
15,16,Bournemouth,12,2,3,7,11,27,-16,9,0.75,13.8,24.2,-10.4,-0.86,L L W L W,10993.0,Dominic Solanke - 6,Neto,,2023-2024
16,17,Luton Town,12,1,3,8,10,22,-12,6,0.5,12.9,24.7,-11.8,-0.98,L D L D L,10790.0,Carlton Morris - 3,Thomas Kaminski,,2023-2024
17,18,Sheffield Utd,12,1,2,9,10,31,-21,5,0.42,9.7,26.2,-16.5,-1.38,L L L W D,30963.0,"Gustavo Hamer, Cameron Archer - 2",Wes Foderingham,,2023-2024
18,19,Everton,12,4,2,6,14,17,-3,4,0.33,17.9,15.8,2.1,0.18,W L W D W,39133.0,Abdoulaye Doucouré - 4,Jordan Pickford,10-point deduction 1,2023-2024
19,20,Burnley,12,1,1,10,9,30,-21,4,0.33,9.9,22.0,-12.1,-1.01,L L L L L,21623.0,Lyle Foster - 3,James Trafford,,2023-2024
20,1,Manchester City,38,28,5,5,94,33,61,89,2.34,78.6,32.1,46.5,1.22,,53249.0,Erling Haaland - 36,Ederson,→ Champions League via league finish,2022-2023
21,2,Arsenal,38,26,6,6,88,43,45,84,2.21,71.9,42.0,29.9,0.79,,60191.0,"Martin Ødegaard, Gabriel Martinelli - 15",Aaron Ramsdale,→ Champions League via league finish,2022-2023
22,3,Manchester Utd,38,23,6,9,58,43,15,75,1.97,67.7,50.4,17.3,0.45,,73671.0,Marcus Rashford - 17,David de Gea,→ Champions League via league finish,2022-2023
23,4,Newcastle Utd,38,19,14,5,68,33,35,71,1.87,72.0,39.6,32.4,0.85,,52127.0,Callum Wilson - 18,Nick Pope,→ Champions League via league finish,2022-2023
24,5,Liverpool,38,19,10,9,75,47,28,67,1.76,72.6,50.9,21.7,0.57,,53163.0,Mohamed Salah - 19,Alisson,→ Europa League via league finish,2022-2023
25,6,Brighton,38,18,8,12,72,53,19,62,1.63,73.3,50.2,23.1,0.61,,31477.0,Alexis Mac Allister - 10,Robert Sánchez,→ Europa League via league finish,2022-2023
26,7,Aston Villa,38,18,7,13,51,46,5,61,1.61,50.2,52.5,-2.2,-0.06,,39485.0,Ollie Watkins - 15,Emiliano Martínez,→ Europa Conference League via league finish,2022-2023
27,8,Tottenham,38,18,6,14,70,63,7,60,1.58,57.1,49.7,7.4,0.2,,61585.0,Harry Kane - 30,Hugo Lloris,,2022-2023
28,9,Brentford,38,15,14,9,58,46,12,59,1.55,56.8,49.9,6.8,0.18,,17078.0,Ivan Toney - 20,David Raya,,2022-2023
29,10,Fulham,38,15,7,16,55,53,2,52,1.37,46.2,63.8,-17.6,-0.46,,23746.0,Aleksandar Mitrović - 14,Bernd Leno,,2022-2023
30,11,Crystal Palace,38,11,12,15,40,49,-9,45,1.18,39.3,48.1,-8.8,-0.23,,24952.0,Eberechi Eze - 10,Vicente Guaita,,2022-2023
31,12,Chelsea,38,11,11,16,38,47,-9,44,1.16,49.5,52.5,-3.0,-0.08,,40002.0,Kai Havertz - 7,Kepa Arrizabalaga,,2022-2023
32,13,Wolves,38,11,8,19,31,58,-27,41,1.08,36.8,59.9,-23.1,-0.61,,31482.0,"Rúben Neves, Daniel Podence - 6",José Sá,,2022-2023
33,14,West Ham,38,11,7,20,42,55,-13,40,1.05,49.2,53.0,-3.9,-0.1,,62462.0,"Saïd Benrahma, Jarrod Bowen - 6",Łukasz Fabiański,,2022-2023
34,15,Bournemouth,38,11,6,21,37,71,-34,39,1.03,38.6,63.9,-25.3,-0.67,,10362.0,Philip Billing - 7,Neto,,2022-2023
35,16,Nott'ham Forest,38,9,11,18,38,68,-30,38,1.0,39.3,64.2,-24.9,-0.66,,29188.0,Taiwo Awoniyi - 10,Dean Henderson,,2022-2023
36,17,Everton,38,8,12,18,34,57,-23,36,0.95,45.2,65.7,-20.5,-0.54,,39243.0,Dwight McNeil - 7,Jordan Pickford,,2022-2023
37,18,Leicester City,38,9,7,22,51,68,-17,34,0.89,50.6,63.4,-12.8,-0.34,,31887.0,Harvey Barnes - 13,Danny Ward,Relegated,2022-2023
38,19,Leeds United,38,7,10,21,48,78,-30,31,0.82,47.4,67.2,-19.8,-0.52,,36566.0,Rodrigo - 13,Illan Meslier,Relegated,2022-2023
39,20,Southampton,38,6,7,25,36,73,-37,25,0.66,37.7,61.0,-23.3,-0.61,,30440.0,James Ward-Prowse - 9,Gavin Bazunu,Relegated,2022-2023
40,1,Manchester City,38,29,6,3,99,26,73,93,2.45,88.7,24.6,64.0,1.68,,52774.0,Kevin De Bruyne - 15,Ederson,→ Champions League via league finish,2021-2022
41,2,Liverpool,38,28,8,2,94,26,68,92,2.42,88.7,33.8,54.9,1.45,,53352.0,Mohamed Salah - 23,Alisson,→ Champions League via league finish,2021-2022
42,3,Chelsea,38,21,11,6,76,33,43,74,1.95,63.4,33.2,30.1,0.79,,36443.0,Mason Mount - 11,Edouard Mendy,→ Champions League via league finish,2021-2022
43,4,Tottenham,38,22,5,11,69,40,29,71,1.87,61.2,39.3,21.9,0.58,,56523.0,Son Heung-min - 23,Hugo Lloris,→ Champions League via league finish,2021-2022
44,5,Arsenal,38,22,3,13,61,48,13,69,1.82,60.5,45.7,14.9,0.39,,59665.0,Bukayo Saka - 11,Aaron Ramsdale,→ Europa League via league finish,2021-2022
45,6,Manchester Utd,38,16,10,12,57,57,0,58,1.53,55.8,53.0,2.8,0.07,,73150.0,Cristiano Ronaldo - 18,David de Gea,→ Europa League via league finish,2021-2022
46,7,West Ham,38,16,8,14,60,51,9,56,1.47,51.4,53.5,-2.1,-0.06,,58370.0,Jarrod Bowen - 12,Łukasz Fabiański,→ Europa Conference League via league finish,2021-2022
47,8,Leicester City,38,14,10,14,62,59,3,52,1.37,47.8,59.3,-11.5,-0.3,,32493.0,Jamie Vardy - 15,Kasper Schmeichel,,2021-2022
48,9,Brighton,38,12,15,11,42,44,-2,51,1.34,46.2,42.9,3.3,0.09,,30966.0,"Leandro Trossard, Neal Maupay - 8",Robert Sánchez,,2021-2022
49,10,Wolves,38,15,6,17,38,43,-5,51,1.34,37.5,56.9,-19.4,-0.51,,30841.0,Raúl Jiménez - 6,José Sá,,2021-2022
50,11,Newcastle Utd,38,13,10,15,44,62,-18,49,1.29,38.1,57.1,-19.0,-0.5,,51487.0,Callum Wilson - 8,Martin Dúbravka,,2021-2022
51,12,Crystal Palace,38,11,15,12,50,46,4,48,1.26,46.4,40.7,5.7,0.15,,24588.0,Wilfried Zaha - 14,Vicente Guaita,,2021-2022
52,13,Brentford,38,13,7,18,48,56,-8,46,1.21,45.8,48.5,-2.7,-0.07,,16918.0,Ivan Toney - 12,David Raya,,2021-2022
53,14,Aston Villa,38,13,6,19,52,54,-2,45,1.18,44.0,49.0,-4.9,-0.13,,41681.0,Ollie Watkins - 11,Emiliano Martínez,,2021-2022
54,15,Southampton,38,9,13,16,43,67,-24,40,1.05,44.8,60.0,-15.2,-0.4,,30134.0,James Ward-Prowse - 10,Fraser Forster,,2021-2022
55,16,Everton,38,11,6,21,43,66,-23,39,1.03,41.2,55.4,-14.2,-0.37,,38446.0,Richarlison - 10,Jordan Pickford,,2021-2022
56,17,Leeds United,38,9,11,18,42,79,-37,38,1.0,44.4,67.8,-23.5,-0.62,,36308.0,Raphinha - 11,Illan Meslier,,2021-2022
57,18,Burnley,38,7,14,17,34,53,-19,35,0.92,39.7,57.1,-17.4,-0.46,,19278.0,Maxwel Cornet - 9,Nick Pope,Relegated,2021-2022
58,19,Watford,38,6,5,27,34,77,-43,23,0.61,40.0,64.5,-24.5,-0.64,,20614.0,Emmanuel Dennis - 10,Ben Foster,Relegated,2021-2022
59,20,Norwich City,38,5,7,26,23,84,-61,22,0.58,32.3,75.5,-43.2,-1.14,,26836.0,Teemu Pukki - 11,Tim Krul,Relegated,2021-2022
60,1,Manchester City,38,27,5,6,83,32,51,86,2.26,68.2,30.2,38.0,1.0,,526.0,İlkay Gündoğan - 13,Ederson,→ Champions League via league finish,2020-2021
61,2,Manchester Utd,38,21,11,6,73,44,29,74,1.95,60.1,41.4,18.6,0.49,,526.0,Bruno Fernandes - 18,David de Gea,→ Champions League via league finish,2020-2021
62,3,Liverpool,38,20,9,9,68,42,26,69,1.82,67.5,43.0,24.5,0.65,,837.0,Mohamed Salah - 22,Alisson,→ Champions League via league finish,2020-2021
63,4,Chelsea,38,19,10,9,58,36,22,67,1.76,62.4,30.3,32.1,0.85,,526.0,Jorginho - 7,Edouard Mendy,→ Champions League via league finish,2020-2021
64,5,Leicester City,38,20,6,12,68,50,18,66,1.74,55.8,46.0,9.8,0.26,,421.0,Jamie Vardy - 15,Kasper Schmeichel,→ Europa League via cup win,2020-2021
65,6,West Ham,38,19,8,11,62,47,15,65,1.71,55.4,48.7,6.7,0.18,,632.0,"Michail Antonio, Tomáš Souček - 10",Łukasz Fabiański,→ Europa League via league finish,2020-2021
66,7,Tottenham,38,18,8,12,68,45,23,62,1.63,53.1,49.1,4.0,0.1,,632.0,Harry Kane - 23,Hugo Lloris,→ Europa Conference League via league finish 1,2020-2021
67,8,Arsenal,38,18,7,13,55,39,16,61,1.61,51.8,43.0,8.8,0.23,,632.0,Alexandre Lacazette - 13,Bernd Leno,,2020-2021
68,9,Leeds United,38,18,5,15,62,54,8,59,1.55,55.6,57.9,-2.2,-0.06,,421.0,Patrick Bamford - 17,Illan Meslier,,2020-2021
69,10,Everton,38,17,8,13,47,48,-1,59,1.55,45.7,50.1,-4.5,-0.12,,368.0,Dominic Calvert-Lewin - 16,Jordan Pickford,,2020-2021
70,11,Aston Villa,38,16,7,15,55,46,9,55,1.45,52.5,51.1,1.4,0.04,,526.0,Ollie Watkins - 14,Emiliano Martínez,,2020-2021
71,12,Newcastle Utd,38,12,9,17,46,62,-16,45,1.18,43.4,58.3,-14.9,-0.39,,526.0,Callum Wilson - 12,Karl Darlow,,2020-2021
72,13,Wolves,38,12,9,17,36,52,-16,45,1.18,36.5,49.5,-13.0,-0.34,,237.0,"Rúben Neves, Pedro Neto - 5",Rui Patrício,,2020-2021
73,14,Crystal Palace,38,12,8,18,41,66,-25,44,1.16,34.1,58.2,-24.2,-0.64,,447.0,Wilfried Zaha - 11,Vicente Guaita,,2020-2021
74,15,Southampton,38,12,7,19,47,68,-21,43,1.13,41.2,53.1,-11.8,-0.31,,526.0,Danny Ings - 12,Alex McCarthy,,2020-2021
75,16,Brighton,38,9,14,15,40,46,-6,41,1.08,50.9,35.3,15.6,0.41,,523.0,Neal Maupay - 8,Robert Sánchez,,2020-2021
76,17,Burnley,38,10,9,19,33,55,-22,39,1.03,39.3,54.7,-15.4,-0.4,,178.0,Chris Wood - 12,Nick Pope,,2020-2021
77,18,Fulham,38,5,13,20,27,53,-26,28,0.74,40.5,52.6,-12.1,-0.32,,211.0,Bobby Reid - 5,Alphonse Areola,Relegated,2020-2021
78,19,West Brom,38,5,11,22,35,76,-41,26,0.68,35.8,67.9,-32.0,-0.84,,283.0,Matheus Pereira - 11,Sam Johnstone,Relegated,2020-2021
79,20,Sheffield Utd,38,7,2,29,20,63,-43,23,0.61,32.6,62.2,-29.6,-0.78,,263.0,David McGoldrick - 8,Aaron Ramsdale,Relegated,2020-2021
80,1,Liverpool,38,32,3,3,85,33,52,99,2.61,68.9,37.7,31.2,0.82,,41955.0,Mohamed Salah - 19,Alisson,→ Champions League via league finish,2019-2020
81,2,Manchester City,38,26,3,9,102,35,67,81,2.13,92.0,36.2,55.7,1.47,,37097.0,Raheem Sterling - 20,Ederson,→ Champions League via league finish,2019-2020
82,3,Manchester Utd,38,18,12,8,66,36,30,66,1.74,62.2,37.7,24.5,0.64,,57415.0,"Anthony Martial, Marcus Rashford - 17",David de Gea,→ Champions League via league finish,2019-2020
83,4,Chelsea,38,20,6,12,69,54,15,66,1.74,69.2,38.6,30.6,0.81,,32023.0,Tammy Abraham - 15,Kepa Arrizabalaga,→ Champions League via league finish,2019-2020
84,5,Leicester City,38,18,8,12,67,41,26,62,1.63,62.2,45.5,16.7,0.44,,25312.0,Jamie Vardy - 23,Kasper Schmeichel,→ Europa League via league finish,2019-2020
85,6,Tottenham,38,16,11,11,61,47,14,59,1.55,47.9,54.2,-6.3,-0.17,,43757.0,Harry Kane - 18,Hugo Lloris,→ Europa League via league finish 1,2019-2020
86,7,Wolves,38,15,14,9,51,40,11,59,1.55,54.1,38.0,16.1,0.42,,24758.0,Raúl Jiménez - 17,Rui Patrício,,2019-2020
87,8,Arsenal,38,14,14,10,56,48,8,56,1.47,47.0,55.3,-8.3,-0.22,,47589.0,Pierre-Emerick Aubameyang - 22,Bernd Leno,→ Europa League via cup win 2,2019-2020
88,9,Sheffield Utd,38,14,12,12,39,39,0,54,1.42,43.0,51.0,-7.9,-0.21,,24370.0,"Lys Mousset, Oliver McBurnie - 6",Dean Henderson,,2019-2020
89,10,Burnley,38,15,9,14,43,50,-7,54,1.42,47.4,49.8,-2.4,-0.06,,15995.0,Chris Wood - 14,Nick Pope,,2019-2020
90,11,Southampton,38,15,7,16,51,60,-9,52,1.37,56.1,52.8,3.3,0.09,,23428.0,Danny Ings - 22,Alex McCarthy,,2019-2020
91,12,Everton,38,13,10,15,44,56,-12,49,1.29,50.8,48.3,2.5,0.07,,28848.0,"Dominic Calvert-Lewin, Richarlison - 13",Jordan Pickford,,2019-2020
92,13,Newcastle Utd,38,11,11,16,38,58,-20,44,1.16,35.5,65.6,-30.1,-0.79,,35551.0,Jonjo Shelvey - 6,Martin Dúbravka,,2019-2020
93,14,Crystal Palace,38,11,10,17,31,50,-19,43,1.13,35.8,57.0,-21.2,-0.56,,19784.0,Jordan Ayew - 9,Vicente Guaita,,2019-2020
94,15,Brighton,38,9,14,15,39,54,-15,41,1.08,45.4,55.0,-9.5,-0.25,,22369.0,Neal Maupay - 10,Mathew Ryan,,2019-2020
95,16,West Ham,38,10,9,19,49,62,-13,39,1.03,48.6,63.8,-15.2,-0.4,,44155.0,Michail Antonio - 10,Łukasz Fabiański,,2019-2020
96,17,Aston Villa,38,9,8,21,41,67,-26,35,0.92,44.3,67.8,-23.5,-0.62,,28505.0,Jack Grealish - 8,Tom Heaton,,2019-2020
97,18,Bournemouth,38,9,7,22,40,65,-25,34,0.89,44.8,62.3,-17.5,-0.46,,7745.0,Callum Wilson - 8,Aaron Ramsdale,Relegated,2019-2020
98,19,Watford,38,8,10,20,36,64,-28,34,0.89,48.9,58.1,-9.3,-0.24,,15353.0,Troy Deeney - 10,Ben Foster,Relegated,2019-2020
99,20,Norwich City,38,5,6,27,26,75,-49,21,0.55,37.0,66.5,-29.5,-0.78,,19913.0,Teemu Pukki - 11,Tim Krul,Relegated,2019-2020
100,1,Manchester City,38,32,2,4,95,23,72,98,2.58,84.3,24.7,59.6,1.57,,54130.0,Sergio Agüero - 21,Ederson,→ Champions League via league finish,2018-2019
101,2,Liverpool,38,30,7,1,89,22,67,97,2.55,73.7,28.8,44.9,1.18,,52983.0,"Sadio Mané, Mohamed Salah - 22",Alisson,→ Champions League via league finish,2018-2019
102,3,Chelsea,38,21,9,8,63,39,24,72,1.89,58.6,36.4,22.2,0.58,,40437.0,Eden Hazard - 16,Kepa Arrizabalaga,→ Champions League via league finish,2018-2019
103,4,Tottenham,38,23,2,13,67,39,28,71,1.87,54.9,47.1,7.8,0.2,,54216.0,Harry Kane - 17,Hugo Lloris,→ Champions League via league finish,2018-2019
104,5,Arsenal,38,21,7,10,73,51,22,70,1.84,60.1,54.2,5.9,0.15,,59899.0,Pierre-Emerick Aubameyang - 22,Bernd Leno,→ Europa League via league finish,2018-2019
105,6,Manchester Utd,38,19,9,10,65,54,11,66,1.74,61.4,50.6,10.8,0.29,,74498.0,Paul Pogba - 13,David de Gea,→ Europa League via league finish 1,2018-2019
106,7,Wolves,38,16,9,13,47,46,1,57,1.5,52.1,42.1,10.1,0.26,,31030.0,Raúl Jiménez - 13,Rui Patrício,→ Europa League via league finish,2018-2019
107,8,Everton,38,15,9,14,54,46,8,54,1.42,49.7,45.7,4.0,0.1,,39043.0,"Gylfi Sigurðsson, Richarlison - 13",Jordan Pickford,,2018-2019
108,9,Leicester City,38,15,7,16,51,48,3,52,1.37,52.4,43.7,8.7,0.23,,31851.0,Jamie Vardy - 18,Kasper Schmeichel,,2018-2019
109,10,West Ham,38,15,7,16,52,55,-3,52,1.37,47.6,61.9,-14.3,-0.38,,58336.0,Marko Arnautović - 10,Łukasz Fabiański,,2018-2019
110,11,Watford,38,14,8,16,52,59,-7,50,1.32,48.2,59.2,-11.0,-0.29,,20016.0,Gerard Deulofeu - 10,Ben Foster,,2018-2019
111,12,Crystal Palace,38,14,7,17,51,53,-2,49,1.29,47.6,50.1,-2.5,-0.07,,25455.0,Luka Milivojević - 12,Vicente Guaita,,2018-2019
112,13,Newcastle Utd,38,12,9,17,42,48,-6,45,1.18,39.1,53.6,-14.5,-0.38,,51121.0,Ayoze Pérez - 12,Martin Dúbravka,,2018-2019
113,14,Bournemouth,38,13,6,19,56,70,-14,45,1.18,53.3,57.2,-3.9,-0.1,,10532.0,Callum Wilson - 14,Asmir Begović,,2018-2019
114,15,Burnley,38,11,7,20,45,68,-23,40,1.05,44.4,62.1,-17.7,-0.47,,20534.0,Ashley Barnes - 12,"Tom Heaton, Joe Hart",,2018-2019
115,16,Southampton,38,9,12,17,45,65,-20,39,1.03,46.9,55.1,-8.2,-0.22,,30139.0,"Danny Ings, James Ward-Prowse - 7",Alex McCarthy,,2018-2019
116,17,Brighton,38,9,9,20,35,60,-25,36,0.95,35.3,59.1,-23.8,-0.63,,30426.0,Glenn Murray - 13,Mathew Ryan,,2018-2019
117,18,Cardiff City,38,10,4,24,34,69,-35,34,0.89,42.4,61.5,-19.1,-0.5,,31408.0,"Bobby Reid, Víctor Camarasa - 5",Neil Etheridge,Relegated,2018-2019
118,19,Fulham,38,7,5,26,34,81,-47,26,0.68,41.3,68.2,-26.8,-0.71,,24371.0,Aleksandar Mitrović - 11,Sergio Rico,Relegated,2018-2019
119,20,Huddersfield,38,3,7,28,22,76,-54,16,0.42,28.8,60.9,-32.2,-0.85,,23203.0,Karlan Grant - 4,Jonas Lössl,Relegated,2018-2019
120,1,Manchester City,38,32,4,2,106,27,79,100,2.63,78.6,23.8,54.8,1.44,,54070.0,Sergio Agüero - 21,Ederson,→ Champions League via league finish,2017-2018
121,2,Manchester Utd,38,25,6,7,68,28,40,81,2.13,55.7,40.7,15.0,0.4,,74976.0,Romelu Lukaku - 16,David de Gea,→ Champions League via league finish,2017-2018
122,3,Tottenham,38,23,8,7,74,36,38,77,2.03,64.7,33.9,30.8,0.81,,67953.0,Harry Kane - 30,Hugo Lloris,→ Champions League via league finish,2017-2018
123,4,Liverpool,38,21,12,5,84,38,46,75,1.97,72.9,33.8,39.1,1.03,,53049.0,Mohamed Salah - 32,"Loris Karius, Simon Mignolet",→ Champions League via league finish,2017-2018
124,5,Chelsea,38,21,7,10,62,38,24,70,1.84,54.4,33.8,20.6,0.54,,41282.0,Eden Hazard - 12,Thibaut Courtois,→ Europa League via cup win 1,2017-2018
125,6,Arsenal,38,19,6,13,74,51,23,63,1.66,68.3,47.8,20.5,0.54,,59323.0,Alexandre Lacazette - 14,Petr Čech,→ Europa League via league finish,2017-2018
126,7,Burnley,38,14,12,12,36,39,-3,54,1.42,32.3,51.2,-18.9,-0.5,,20688.0,Chris Wood - 10,Nick Pope,→ Europa League via league finish 2,2017-2018
127,8,Everton,38,13,10,15,44,58,-14,49,1.29,40.5,52.4,-11.9,-0.31,,38797.0,Wayne Rooney - 10,Jordan Pickford,,2017-2018
128,9,Leicester City,38,12,11,15,56,60,-4,47,1.24,50.0,48.1,1.9,0.05,,31583.0,Jamie Vardy - 20,Kasper Schmeichel,,2017-2018
129,10,Newcastle Utd,38,12,8,18,39,47,-8,44,1.16,41.6,52.4,-10.8,-0.28,,51992.0,Ayoze Pérez - 8,Rob Elliot,,2017-2018
130,11,Crystal Palace,38,11,11,16,45,55,-10,44,1.16,53.5,48.2,5.2,0.14,,25063.0,Luka Milivojević - 10,Wayne Hennessey,,2017-2018
131,12,Bournemouth,38,11,11,16,45,61,-16,44,1.16,38.8,59.2,-20.4,-0.54,,10641.0,"Joshua King, Callum Wilson - 8",Asmir Begović,,2017-2018
132,13,West Ham,38,10,12,16,48,68,-20,42,1.11,36.7,55.1,-18.4,-0.48,,56885.0,Marko Arnautović - 11,"Joe Hart, Adrián",,2017-2018
133,14,Watford,38,11,8,19,44,64,-20,41,1.08,45.0,51.8,-6.8,-0.18,,20231.0,Abdoulaye Doucouré - 7,Heurelho Gomes,,2017-2018
134,15,Brighton,38,9,13,16,34,54,-20,40,1.05,37.0,50.8,-13.8,-0.36,,30403.0,Glenn Murray - 12,Mathew Ryan,,2017-2018
135,16,Huddersfield,38,9,10,19,28,58,-30,37,0.97,31.3,48.5,-17.2,-0.45,,24040.0,Steve Mounié - 7,Jonas Lössl,,2017-2018
136,17,Southampton,38,7,15,16,37,56,-19,36,0.95,39.9,45.2,-5.3,-0.14,,30794.0,Charlie Austin - 7,Fraser Forster,,2017-2018
137,18,Swansea City,38,8,9,21,28,56,-28,33,0.87,31.6,58.6,-27.0,-0.71,,20623.0,Jordan Ayew - 7,Łukasz Fabiański,Relegated,2017-2018
138,19,Stoke City,38,7,12,19,35,68,-33,33,0.87,36.5,62.5,-26.0,-0.69,,29280.0,Xherdan Shaqiri - 8,Jack Butland,Relegated,2017-2018
139,20,West Brom,38,6,13,19,31,56,-25,31,0.82,36.5,47.9,-11.4,-0.3,,24520.0,"Jay Rodriguez, Salomón Rondón - 7",Ben Foster,Relegated,2017-2018
140,1,Chelsea,38,30,3,5,85,33,52,93,2.45,,,,,,41508.0,Diego Costa - 20,Thibaut Courtois,→ Champions League via league finish,2016-2017
141,2,Tottenham,38,26,8,4,86,26,60,86,2.26,,,,,,31639.0,Harry Kane - 29,Hugo Lloris,→ Champions League via league finish,2016-2017
142,3,Manchester City,38,23,9,6,80,39,41,78,2.05,,,,,,54019.0,Sergio Agüero - 20,Claudio Bravo,→ Champions League via league finish,2016-2017
143,4,Liverpool,38,22,10,6,78,42,36,76,2.0,,,,,,53016.0,"Philippe Coutinho, Sadio Mané - 13",Simon Mignolet,→ Champions League via league finish,2016-2017
144,5,Arsenal,38,23,6,9,77,44,33,75,1.97,,,,,,59957.0,Alexis Sánchez - 24,Petr Čech,→ Europa League via cup win 1,2016-2017
145,6,Manchester Utd,38,18,15,5,54,29,25,69,1.82,,,,,,75290.0,Zlatan Ibrahimović - 17,David de Gea,→ Champions League via Europa League win,2016-2017
146,7,Everton,38,17,10,11,62,44,18,61,1.61,,,,,,39047.0,Romelu Lukaku - 25,Joel Robles,→ Europa League via league finish,2016-2017
147,8,Southampton,38,12,10,16,41,48,-7,46,1.21,,,,,,30936.0,Nathan Redmond - 7,Fraser Forster,,2016-2017
148,9,Bournemouth,38,12,10,16,55,67,-12,46,1.21,,,,,,11182.0,Joshua King - 16,Artur Boruc,,2016-2017
149,10,West Brom,38,12,9,17,43,51,-8,45,1.18,,,,,,23876.0,Salomón Rondón - 8,Ben Foster,,2016-2017
150,11,West Ham,38,12,9,17,47,64,-17,45,1.18,,,,,,56972.0,Michail Antonio - 9,Darren Randolph,,2016-2017
151,12,Leicester City,38,12,8,18,48,63,-15,44,1.16,,,,,,31893.0,Jamie Vardy - 13,Kasper Schmeichel,,2016-2017
152,13,Stoke City,38,11,11,16,41,56,-15,44,1.16,,,,,,27433.0,Peter Crouch - 7,Lee Grant,,2016-2017
153,14,Crystal Palace,38,12,5,21,50,63,-13,41,1.08,,,,,,25161.0,Christian Benteke - 15,Wayne Hennessey,,2016-2017
154,15,Swansea City,38,12,5,21,45,70,-25,41,1.08,,,,,,20619.0,Fernando Llorente - 15,Łukasz Fabiański,,2016-2017
155,16,Burnley,38,11,7,20,39,55,-16,40,1.05,,,,,,20558.0,Sam Vokes - 10,Tom Heaton,,2016-2017
156,17,Watford,38,11,7,20,40,68,-28,40,1.05,,,,,,20571.0,Troy Deeney - 10,Heurelho Gomes,,2016-2017
157,18,Hull City,38,9,7,22,37,80,-43,34,0.89,,,,,,20761.0,Robert Snodgrass - 7,Eldin Jakupović,Relegated,2016-2017
158,19,Middlesbrough,38,5,13,20,27,53,-26,28,0.74,,,,,,30449.0,Álvaro Negredo - 9,Víctor Valdés,Relegated,2016-2017
159,20,Sunderland,38,6,6,26,29,69,-40,24,0.63,,,,,,41287.0,Jermain Defoe - 15,Jordan Pickford,Relegated,2016-2017
160,1,Leicester City,38,23,12,3,68,36,32,81,2.13,,,,,,31998.0,Jamie Vardy - 24,Kasper Schmeichel,→ Champions League via league finish,2015-2016
161,2,Arsenal,38,20,11,7,65,36,29,71,1.87,,,,,,59944.0,Olivier Giroud - 16,Petr Čech,→ Champions League via league finish,2015-2016
162,3,Tottenham,38,19,13,6,69,35,34,70,1.84,,,,,,35776.0,Harry Kane - 25,Hugo Lloris,→ Champions League via league finish,2015-2016
163,4,Manchester City,38,19,9,10,71,41,30,66,1.74,,,,,,54041.0,Sergio Agüero - 24,Joe Hart,→ Champions League via league finish,2015-2016
164,5,Manchester Utd,38,19,9,10,49,35,14,66,1.74,,,,,,75286.0,Anthony Martial - 11,David de Gea,→ Europa League via cup win 1,2015-2016
165,6,Southampton,38,18,9,11,59,41,18,63,1.66,,,,,,30751.0,"Sadio Mané, Graziano Pellè - 11",Fraser Forster,→ Europa League via league finish 2,2015-2016
166,7,West Ham,38,16,14,8,65,51,14,62,1.63,,,,,,34910.0,"Dimitri Payet, Andy Carroll - 9",Adrián,→ Europa League via league finish 3,2015-2016
167,8,Liverpool,38,16,12,10,63,50,13,60,1.58,,,,,,43910.0,Roberto Firmino - 10,Simon Mignolet,,2015-2016
168,9,Stoke City,38,14,9,15,41,55,-14,51,1.34,,,,,,27534.0,Marko Arnautović - 11,Jack Butland,,2015-2016
169,10,Chelsea,38,12,14,12,59,53,6,50,1.32,,,,,,41500.0,Diego Costa - 12,Thibaut Courtois,,2015-2016
170,11,Everton,38,11,14,13,59,55,4,47,1.24,,,,,,38124.0,Romelu Lukaku - 18,Tim Howard,,2015-2016
171,12,Swansea City,38,12,11,15,42,52,-10,47,1.24,,,,,,20711.0,André Ayew - 12,Łukasz Fabiański,,2015-2016
172,13,Watford,38,12,9,17,40,50,-10,45,1.18,,,,,,20594.0,Odion Ighalo - 15,Heurelho Gomes,,2015-2016
173,14,West Brom,38,10,13,15,34,48,-14,43,1.13,,,,,,24631.0,Salomón Rondón - 9,Boaz Myhill,,2015-2016
174,15,Crystal Palace,38,11,9,18,39,51,-12,42,1.11,,,,,,24825.0,"Scott Dann, Yohan Cabaye... - 5",Wayne Hennessey,,2015-2016
175,16,Bournemouth,38,11,9,18,45,67,-22,42,1.11,,,,,,11189.0,Joshua King - 6,Artur Boruc,,2015-2016
176,17,Sunderland,38,9,12,17,48,62,-14,39,1.03,,,,,,43071.0,Jermain Defoe - 15,Vito Mannone,,2015-2016
177,18,Newcastle Utd,38,9,10,19,44,65,-21,37,0.97,,,,,,49754.0,Georginio Wijnaldum - 11,Rob Elliot,Relegated,2015-2016
178,19,Norwich City,38,9,7,22,39,67,-28,34,0.89,,,,,,26972.0,Dieumerci Mbokani - 7,John Ruddy,Relegated,2015-2016
179,20,Aston Villa,38,3,8,27,27,76,-49,17,0.45,,,,,,33690.0,Jordan Ayew - 7,Brad Guzan,Relegated,2015-2016
180,1,Chelsea,38,26,9,3,73,32,41,87,2.29,,,,,,41546.0,Diego Costa - 20,Thibaut Courtois,→ Champions League via league finish,2014-2015
181,2,Manchester City,38,24,7,7,83,38,45,79,2.08,,,,,,45365.0,Sergio Agüero - 26,Joe Hart,→ Champions League via league finish,2014-2015
182,3,Arsenal,38,22,9,7,71,36,35,75,1.97,,,,,,59992.0,Alexis Sánchez - 16,David Ospina,→ Champions League via league finish,2014-2015
183,4,Manchester Utd,38,20,10,8,62,37,25,70,1.84,,,,,,75335.0,Wayne Rooney - 12,David de Gea,→ Champions League via league finish,2014-2015
184,5,Tottenham,38,19,7,12,58,53,5,64,1.68,,,,,,35728.0,Harry Kane - 21,Hugo Lloris,→ Europa League via league finish,2014-2015
185,6,Liverpool,38,18,8,12,52,48,4,62,1.63,,,,,,44659.0,Steven Gerrard - 9,Simon Mignolet,→ Europa League via league finish 1,2014-2015
186,7,Southampton,38,18,6,14,54,33,21,60,1.58,,,,,,30741.0,Graziano Pellè - 12,Fraser Forster,→ Europa League via league finish 2,2014-2015
187,8,Swansea City,38,16,8,14,46,49,-3,56,1.47,,,,,,20555.0,Wilfried Bony - 9,Łukasz Fabiański,,2014-2015
188,9,Stoke City,38,15,9,14,48,45,3,54,1.42,,,,,,27081.0,Mame Biram Diouf - 11,Asmir Begović,,2014-2015
189,10,Crystal Palace,38,13,9,16,47,51,-4,48,1.26,,,,,,24421.0,Glenn Murray - 7,Julián Speroni,,2014-2015
190,11,Everton,38,12,11,15,48,50,-2,47,1.24,,,,,,37406.0,Romelu Lukaku - 10,Tim Howard,,2014-2015
191,12,West Ham,38,12,11,15,44,47,-3,47,1.24,,,,,,34846.0,Diafra Sakho - 10,Adrián,→ Europa League 3,2014-2015
192,13,West Brom,38,11,11,16,38,51,-13,44,1.16,,,,,,25064.0,Saido Berahino - 14,Ben Foster,,2014-2015
193,14,Leicester City,38,11,8,19,46,55,-9,41,1.08,,,,,,31693.0,Leonardo Ulloa - 11,Kasper Schmeichel,,2014-2015
194,15,Newcastle Utd,38,10,9,19,40,63,-23,39,1.03,,,,,,50359.0,Papiss Cissé - 11,Tim Krul,,2014-2015
195,16,Sunderland,38,7,17,14,31,53,-22,38,1.0,,,,,,43157.0,"Steven Fletcher, Connor Wickham - 5",Costel Pantilimon,,2014-2015
196,17,Aston Villa,38,10,8,20,31,57,-26,38,1.0,,,,,,34133.0,Christian Benteke - 13,Brad Guzan,,2014-2015
197,18,Hull City,38,8,11,19,33,51,-18,35,0.92,,,,,,23557.0,Nikica Jelavić - 8,Allan McGregor,Relegated,2014-2015
198,19,Burnley,38,7,12,19,28,53,-25,33,0.87,,,,,,19131.0,Danny Ings - 11,Tom Heaton,Relegated,2014-2015
199,20,QPR,38,8,6,24,42,73,-31,30,0.79,,,,,,17809.0,Charlie Austin - 18,Robert Green,Relegated,2014-2015
200,1,Manchester City,38,27,5,6,102,37,65,86,2.26,,,,,,47075.0,Yaya Touré - 20,Joe Hart,→ Champions League via league finish,2013-2014
201,2,Liverpool,38,26,6,6,101,50,51,84,2.21,,,,,,44671.0,Luis Suárez - 31,Simon Mignolet,→ Champions League via league finish,2013-2014
202,3,Chelsea,38,25,7,6,71,27,44,82,2.16,,,,,,41482.0,Eden Hazard - 14,Petr Čech,→ Champions League via league finish,2013-2014
203,4,Arsenal,38,24,7,7,68,41,27,79,2.08,,,,,,60013.0,Olivier Giroud - 16,Wojciech Szczęsny,→ Champions League via league finish,2013-2014
204,5,Everton,38,21,9,8,61,39,22,72,1.89,,,,,,37732.0,Romelu Lukaku - 15,Tim Howard,→ Europa League via league finish 1,2013-2014
205,6,Tottenham,38,21,6,11,55,51,4,69,1.82,,,,,,35808.0,Emmanuel Adebayor - 11,Hugo Lloris,→ Europa League via league finish,2013-2014
206,7,Manchester Utd,38,19,7,12,64,43,21,64,1.68,,,,,,75207.0,Wayne Rooney - 17,David de Gea,,2013-2014
207,8,Southampton,38,15,11,12,54,46,8,56,1.47,,,,,,30212.0,Jay Rodriguez - 15,Artur Boruc,,2013-2014
208,9,Stoke City,38,13,11,14,45,52,-7,50,1.32,,,,,,26137.0,Charlie Adam - 8,Asmir Begović,,2013-2014
209,10,Newcastle Utd,38,15,4,19,43,59,-16,49,1.29,,,,,,50395.0,Loïc Rémy - 14,Tim Krul,,2013-2014
210,11,Crystal Palace,38,13,6,19,33,48,-15,45,1.18,,,,,,24375.0,"Dwight Gayle, Jason Puncheon - 7",Julián Speroni,,2013-2014
211,12,Swansea City,38,11,9,18,54,54,0,42,1.11,,,,,,20407.0,Wilfried Bony - 16,Michel Vorm,,2013-2014
212,13,West Ham,38,11,7,20,40,51,-11,40,1.05,,,,,,34197.0,Kevin Nolan - 7,Adrián,,2013-2014
213,14,Sunderland,38,10,8,20,41,60,-19,38,1.0,,,,,,41090.0,Adam Johnson - 8,Vito Mannone,,2013-2014
214,15,Aston Villa,38,10,8,20,39,61,-22,38,1.0,,,,,,36081.0,Christian Benteke - 10,Brad Guzan,,2013-2014
215,16,Hull City,38,10,7,21,38,53,-15,37,0.97,,,,,,24117.0,Nikica Jelavić - 5,Allan McGregor,→ Europa League via cup loss 2,2013-2014
216,17,West Brom,38,7,15,16,43,59,-16,36,0.95,,,,,,25194.0,"Saido Berahino, Stéphane Sessègnon - 5",Ben Foster,,2013-2014
217,18,Norwich City,38,8,9,21,28,62,-34,33,0.87,,,,,,26805.0,"Gary Hooper, Robert Snodgrass - 6",John Ruddy,Relegated,2013-2014
218,19,Fulham,38,9,5,24,40,85,-45,32,0.84,,,,,,24977.0,Steve Sidwell - 7,David Stockdale,Relegated,2013-2014
219,20,Cardiff City,38,7,9,22,32,74,-42,30,0.79,,,,,,27430.0,Jordon Mutch - 7,David Marshall,Relegated,2013-2014
220,1,Manchester Utd,38,28,5,5,86,43,43,89,2.34,,,,,,75530.0,Robin van Persie - 26,David de Gea,→ Champions League via league finish,2012-2013
221,2,Manchester City,38,23,9,6,66,34,32,78,2.05,,,,,,46974.0,Edin Džeko - 14,Joe Hart,→ Champions League via league finish,2012-2013
222,3,Chelsea,38,22,9,7,75,39,36,75,1.97,,,,,,41462.0,Frank Lampard - 15,Petr Čech,→ Champions League via league finish,2012-2013
223,4,Arsenal,38,21,10,7,72,37,35,73,1.92,,,,,,60079.0,Theo Walcott - 14,Wojciech Szczęsny,→ Champions League via league finish,2012-2013
224,5,Tottenham,38,21,9,8,66,46,20,72,1.89,,,,,,36066.0,Gareth Bale - 21,Hugo Lloris,→ Europa League via league finish,2012-2013
225,6,Everton,38,16,15,7,55,40,15,63,1.66,,,,,,36356.0,Marouane Fellaini - 11,Tim Howard,,2012-2013
226,7,Liverpool,38,16,13,9,71,43,28,61,1.61,,,,,,44749.0,Luis Suárez - 23,Pepe Reina,,2012-2013
227,8,West Brom,38,14,7,17,53,57,-4,49,1.29,,,,,,25202.0,Romelu Lukaku - 17,Ben Foster,,2012-2013
228,9,Swansea City,38,11,13,14,47,51,-4,46,1.21,,,,,,20476.0,Michu - 18,Michel Vorm,→ Europa League via cup win 1,2012-2013
229,10,West Ham,38,12,10,16,45,53,-8,46,1.21,,,,,,34717.0,Kevin Nolan - 10,Jussi Jääskeläinen,,2012-2013
230,11,Norwich City,38,10,14,14,41,58,-17,44,1.16,,,,,,26672.0,Grant Holt - 8,Mark Bunn,,2012-2013
231,12,Fulham,38,11,10,17,50,60,-10,43,1.13,,,,,,25423.0,Dimitar Berbatov - 15,Mark Schwarzer,,2012-2013
232,13,Stoke City,38,9,15,14,34,45,-11,42,1.11,,,,,,26722.0,Jonathan Walters - 8,Asmir Begović,,2012-2013
233,14,Southampton,38,9,14,15,49,60,-11,41,1.08,,,,,,30855.0,Rickie Lambert - 15,Artur Boruc,,2012-2013
234,15,Aston Villa,38,10,11,17,47,69,-22,41,1.08,,,,,,35060.0,Christian Benteke - 19,Brad Guzan,,2012-2013
235,16,Newcastle Utd,38,11,8,19,45,68,-23,41,1.08,,,,,,50517.0,Demba Ba - 13,Tim Krul,,2012-2013
236,17,Sunderland,38,9,12,17,41,54,-13,39,1.03,,,,,,40563.0,Steven Fletcher - 11,Simon Mignolet,,2012-2013
237,18,Wigan Athletic,38,9,9,20,47,73,-26,36,0.95,,,,,,19359.0,Arouna Koné - 11,Ali Al-Habsi,"Relegated, → Europa League via cup win 2",2012-2013
238,19,Reading,38,6,10,22,43,73,-30,28,0.74,,,,,,23862.0,Adam le Fondre - 12,Adam Federici,Relegated,2012-2013
239,20,QPR,38,4,13,21,30,60,-30,25,0.66,,,,,,17779.0,Loïc Rémy - 6,Júlio César,Relegated,2012-2013
240,1,Manchester City,38,28,5,5,93,29,64,89,2.34,,,,,,47045.0,Sergio Agüero - 23,Joe Hart,→ Champions League via league finish,2011-2012
241,2,Manchester Utd,38,28,5,5,89,33,56,89,2.34,,,,,,75387.0,Wayne Rooney - 27,David de Gea,→ Champions League via league finish,2011-2012
242,3,Arsenal,38,21,7,10,74,49,25,70,1.84,,,,,,60000.0,Robin van Persie - 30,Wojciech Szczęsny,→ Champions League via league finish,2011-2012
243,4,Tottenham,38,20,9,9,66,41,25,69,1.82,,,,,,36036.0,Emmanuel Adebayor - 17,Brad Friedel,→ Europa League via league finish,2011-2012
244,5,Newcastle Utd,38,19,8,11,56,51,5,65,1.71,,,,,,49951.0,Demba Ba - 16,Tim Krul,→ Europa League via league finish,2011-2012
245,6,Chelsea,38,18,10,10,65,46,19,64,1.68,,,,,,41484.0,"Frank Lampard, Daniel Sturridge - 11",Petr Čech,→ Champions League via Champions League win,2011-2012
246,7,Everton,38,15,11,12,50,40,10,56,1.47,,,,,,33228.0,Nikica Jelavić - 9,Tim Howard,,2011-2012
247,8,Liverpool,38,14,10,14,47,40,7,52,1.37,,,,,,44253.0,Luis Suárez - 11,Pepe Reina,→ Europa League via cup win 1,2011-2012
248,9,Fulham,38,14,10,14,48,51,-3,52,1.37,,,,,,25399.0,Clint Dempsey - 17,Mark Schwarzer,,2011-2012
249,10,West Brom,38,13,8,17,45,52,-7,47,1.24,,,,,,24770.0,Peter Odemwingie - 10,Ben Foster,,2011-2012
250,11,Swansea City,38,12,11,15,44,51,-7,47,1.24,,,,,,19946.0,Danny Graham - 12,Michel Vorm,,2011-2012
251,12,Norwich City,38,12,11,15,52,66,-14,47,1.24,,,,,,26606.0,Grant Holt - 15,John Ruddy,,2011-2012
252,13,Sunderland,38,11,12,15,45,46,-1,45,1.18,,,,,,39047.0,Nicklas Bendtner - 8,Simon Mignolet,,2011-2012
253,14,Stoke City,38,11,12,15,36,53,-17,45,1.18,,,,,,27226.0,Peter Crouch - 10,Asmir Begović,,2011-2012
254,15,Wigan Athletic,38,11,10,17,42,62,-20,43,1.13,,,,,,18634.0,Franco Di Santo - 7,Ali Al-Habsi,,2011-2012
255,16,Aston Villa,38,7,17,14,37,53,-16,38,1.0,,,,,,33883.0,Darren Bent - 9,Shay Given,,2011-2012
256,17,QPR,38,10,7,21,43,66,-23,37,0.97,,,,,,17295.0,Heiðar Helguson - 8,Paddy Kenny,,2011-2012
257,18,Bolton,38,10,6,22,46,77,-31,36,0.95,,,,,,23670.0,Ivan Klasnić - 8,Ádám Bogdán,Relegated,2011-2012
258,19,Blackburn,38,8,7,23,48,78,-30,31,0.82,,,,,,22551.0,Yakubu Aiyegbeni - 17,Paul Robinson,Relegated,2011-2012
259,20,Wolves,38,5,10,23,40,82,-42,25,0.66,,,,,,25677.0,Steven Fletcher - 12,Wayne Hennessey,Relegated,2011-2012
260,1,Manchester Utd,38,23,11,4,78,37,41,80,2.11,,,,,,75109.0,Dimitar Berbatov - 20,Edwin van der Sar,→ Champions League via league finish,2010-2011
261,2,Chelsea,38,21,8,9,69,33,36,71,1.87,,,,,,41435.0,Florent Malouda - 13,Petr Čech,→ Champions League via league finish,2010-2011
262,3,Manchester City,38,21,8,9,60,33,27,71,1.87,,,,,,45905.0,Carlos Tevez - 20,Joe Hart,→ Champions League via league finish,2010-2011
263,4,Arsenal,38,19,11,8,72,43,29,68,1.79,,,,,,60025.0,Robin van Persie - 18,Wojciech Szczęsny,→ Champions League via league finish,2010-2011
264,5,Tottenham,38,16,14,8,55,46,9,62,1.63,,,,,,35704.0,Rafael van der Vaart - 13,Heurelho Gomes,→ Europa League via league finish,2010-2011
265,6,Liverpool,38,17,7,14,59,44,15,58,1.53,,,,,,42820.0,Dirk Kuyt - 13,Pepe Reina,,2010-2011
266,7,Everton,38,13,15,10,51,45,6,54,1.42,,,,,,36039.0,Tim Cahill - 9,Tim Howard,,2010-2011
267,8,Fulham,38,11,16,11,49,43,6,49,1.29,,,,,,25043.0,Clint Dempsey - 12,Mark Schwarzer,→ Europa League 1,2010-2011
268,9,Aston Villa,38,12,12,14,48,59,-11,48,1.26,,,,,,37194.0,Darren Bent - 9,Brad Friedel,,2010-2011
269,10,Sunderland,38,12,11,15,45,56,-11,47,1.24,,,,,,40011.0,Asamoah Gyan - 10,Simon Mignolet,,2010-2011
270,11,West Brom,38,12,11,15,56,71,-15,47,1.24,,,,,,24683.0,Peter Odemwingie - 15,Scott Carson,,2010-2011
271,12,Newcastle Utd,38,11,13,14,56,57,-1,46,1.21,,,,,,47718.0,Kevin Nolan - 12,Tim Krul,,2010-2011
272,13,Stoke City,38,13,7,18,46,48,-2,46,1.21,,,,,,26858.0,Kenwyne Jones - 9,Asmir Begović,→ Europa League via cup loss 2,2010-2011
273,14,Bolton,38,12,10,16,52,56,-4,46,1.21,,,,,,22870.0,Johan Elmander - 10,Jussi Jääskeläinen,,2010-2011
274,15,Blackburn,38,11,10,17,46,59,-13,43,1.13,,,,,,25000.0,"Nikola Kalinić, Junior Hoilett... - 5",Paul Robinson,,2010-2011
275,16,Wigan Athletic,38,9,15,14,40,61,-21,42,1.11,,,,,,16812.0,"Charles N'Zogbia, Hugo Rodallega - 9",Ali Al-Habsi,,2010-2011
276,17,Wolves,38,11,7,20,46,66,-20,40,1.05,,,,,,27925.0,Steven Fletcher - 10,Wayne Hennessey,,2010-2011
277,18,Birmingham City,38,8,15,15,37,58,-21,39,1.03,,,,,,25462.0,Craig Gardner - 8,Ben Foster,"Relegated, → Europa League via cup win",2010-2011
278,19,Blackpool,38,10,9,19,55,78,-23,39,1.03,,,,,,15775.0,DJ Campbell - 13,Richard Kingson,Relegated,2010-2011
279,20,West Ham,38,7,12,19,43,70,-27,33,0.87,,,,,,33492.0,Demba Ba - 7,Robert Green,Relegated,2010-2011
280,1,Chelsea,38,27,5,6,103,32,71,86,2.26,,,,,,41423.0,Didier Drogba - 29,Petr Čech,→ Champions League via league finish,2009-2010
281,2,Manchester Utd,38,27,4,7,86,28,58,85,2.24,,,,,,74864.0,Wayne Rooney - 26,Edwin van der Sar,→ Champions League via league finish,2009-2010
282,3,Arsenal,38,23,6,9,83,41,42,75,1.97,,,,,,59927.0,Cesc Fàbregas - 15,Manuel Almunia,→ Champions League via league finish,2009-2010
283,4,Tottenham,38,21,7,10,67,41,26,70,1.84,,,,,,35794.0,Jermain Defoe - 18,Heurelho Gomes,→ Champions League via league finish,2009-2010
284,5,Manchester City,38,18,13,7,73,45,28,67,1.76,,,,,,45470.0,Carlos Tevez - 23,Shay Given,→ Europa League via league finish,2009-2010
285,6,Aston Villa,38,17,13,8,52,39,13,64,1.68,,,,,,38573.0,Gabriel Agbonlahor - 13,Brad Friedel,→ Europa League via league finish 1,2009-2010
286,7,Liverpool,38,18,9,11,61,35,26,63,1.66,,,,,,42864.0,Fernando Torres - 18,Pepe Reina,→ Europa League via league finish 2,2009-2010
287,8,Everton,38,16,13,9,60,49,11,61,1.61,,,,,,36725.0,Louis Saha - 13,Tim Howard,,2009-2010
288,9,Birmingham City,38,13,11,14,38,47,-9,50,1.32,,,,,,25246.0,Cameron Jerome - 10,Joe Hart,,2009-2010
289,10,Blackburn,38,13,11,14,41,55,-14,50,1.32,,,,,,25428.0,David Dunn - 9,Paul Robinson,,2009-2010
290,11,Stoke City,38,11,14,13,34,48,-14,47,1.24,,,,,,27162.0,Matthew Etherington - 5,Thomas Sørensen,,2009-2010
291,12,Fulham,38,12,10,16,39,46,-7,46,1.21,,,,,,23909.0,Bobby Zamora - 8,Mark Schwarzer,,2009-2010
292,13,Sunderland,38,11,11,16,48,56,-8,44,1.16,,,,,,38337.0,Darren Bent - 24,Craig Gordon,,2009-2010
293,14,Bolton,38,10,9,19,42,67,-25,39,1.03,,,,,,22200.0,"Ivan Klasnić, Matthew Taylor - 8",Jussi Jääskeläinen,,2009-2010
294,15,Wolves,38,9,11,18,32,56,-24,38,1.0,,,,,,28366.0,Kevin Doyle - 9,Marcus Hahnemann,,2009-2010
295,16,Wigan Athletic,38,9,9,20,37,79,-42,36,0.95,,,,,,18006.0,Hugo Rodallega - 10,Chris Kirkland,,2009-2010
296,17,West Ham,38,8,11,19,47,66,-19,35,0.92,,,,,,33683.0,Carlton Cole - 10,Robert Green,,2009-2010
297,18,Burnley,38,8,6,24,42,82,-40,30,0.79,,,,,,20654.0,Steven Fletcher - 8,Brian Jensen,Relegated,2009-2010
298,19,Hull City,38,6,12,20,34,75,-41,30,0.79,,,,,,24390.0,Stephen Hunt - 6,Boaz Myhill,Relegated,2009-2010
299,20,Portsmouth,38,7,7,24,34,66,-32,19,0.5,,,,,,18249.0,Aruna Dindane - 8,David James,"9-point deduction 3, Relegated",2009-2010
300,1,Manchester Utd,38,28,6,4,68,24,44,90,2.37,,,,,,75304.0,Cristiano Ronaldo - 18,Edwin van der Sar,→ Champions League via league finish,2008-2009
301,2,Liverpool,38,25,11,2,77,27,50,86,2.26,,,,,,43611.0,Steven Gerrard - 16,Pepe Reina,→ Champions League via league finish,2008-2009
302,3,Chelsea,38,25,8,5,68,24,44,83,2.18,,,,,,41588.0,Nicolas Anelka - 19,Petr Čech,→ Champions League via league finish,2008-2009
303,4,Arsenal,38,20,12,6,68,37,31,72,1.89,,,,,,60040.0,Robin van Persie - 11,Manuel Almunia,→ Champions League via league finish,2008-2009
304,5,Everton,38,17,12,9,55,37,18,63,1.66,,,,,,35667.0,"Marouane Fellaini, Tim Cahill - 8",Tim Howard,→ Europa League via league finish,2008-2009
305,6,Aston Villa,38,17,11,10,54,48,6,62,1.63,,,,,,39812.0,"Gabriel Agbonlahor, John Carew - 11",Brad Friedel,→ Europa League via league finish 1,2008-2009
306,7,Fulham,38,14,11,13,39,34,5,53,1.39,,,,,,24340.0,"Andrew Johnson, Clint Dempsey - 7",Mark Schwarzer,→ Europa League via league finish 2,2008-2009
307,8,Tottenham,38,14,9,15,45,45,0,51,1.34,,,,,,35929.0,Darren Bent - 12,Heurelho Gomes,,2008-2009
308,9,West Ham,38,14,9,15,42,45,-3,51,1.34,,,,,,34227.0,Carlton Cole - 10,Robert Green,,2008-2009
309,10,Manchester City,38,15,5,18,58,50,8,50,1.32,,,,,,43162.0,Robinho - 14,Joe Hart,,2008-2009
310,11,Wigan Athletic,38,12,9,17,34,45,-11,45,1.18,,,,,,18350.0,Amr Zaki - 10,Chris Kirkland,,2008-2009
311,12,Stoke City,38,12,9,17,38,55,-17,45,1.18,,,,,,26960.0,Ricardo Fuller - 11,Thomas Sørensen,,2008-2009
312,13,Bolton,38,11,8,19,41,53,-12,41,1.08,,,,,,22486.0,Kevin Davies - 12,Jussi Jääskeläinen,,2008-2009
313,14,Portsmouth,38,10,11,17,38,57,-19,41,1.08,,,,,,19830.0,Peter Crouch - 10,David James,,2008-2009
314,15,Blackburn,38,10,11,17,40,60,-20,41,1.08,,,,,,23481.0,Benni McCarthy - 10,Paul Robinson,,2008-2009
315,16,Sunderland,38,9,9,20,34,54,-20,36,0.95,,,,,,40163.0,"Kenwyne Jones, Djibril Cissé - 10",Márton Fülöp,,2008-2009
316,17,Hull City,38,8,11,19,39,64,-25,35,0.92,,,,,,24816.0,Geovanni - 8,Boaz Myhill,,2008-2009
317,18,Newcastle Utd,38,7,13,18,40,59,-19,34,0.89,,,,,,48750.0,"Obafemi Martins, Michael Owen - 8",Shay Given,Relegated,2008-2009
318,19,Middlesbrough,38,7,11,20,28,57,-29,32,0.84,,,,,,28429.0,Tuncay Şanlı - 7,Ross Turnbull,Relegated,2008-2009
319,20,West Brom,38,8,8,22,36,67,-31,32,0.84,,,,,,25828.0,Chris Brunt - 9,Scott Carson,Relegated,2008-2009
320,1,Manchester Utd,38,27,6,5,80,22,58,87,2.29,,,,,,75691.0,Cristiano Ronaldo - 31,Edwin van der Sar,→ Champions League via Champions League win,2007-2008
321,2,Chelsea,38,25,10,3,65,26,39,85,2.24,,,,,,41397.0,Frank Lampard - 10,Petr Čech,→ Champions League via league finish,2007-2008
322,3,Arsenal,38,24,11,3,74,31,43,83,2.18,,,,,,60070.0,Emmanuel Adebayor - 24,Manuel Almunia,→ Champions League via league finish,2007-2008
323,4,Liverpool,38,21,13,4,67,28,39,76,2.0,,,,,,43532.0,Fernando Torres - 24,Pepe Reina,→ Champions League via league finish,2007-2008
324,5,Everton,38,19,8,11,55,33,22,65,1.71,,,,,,36955.0,Yakubu Aiyegbeni - 15,Tim Howard,→ UEFA Cup via league finish,2007-2008
325,6,Aston Villa,38,16,12,10,71,51,20,60,1.58,,,,,,40345.0,John Carew - 13,Scott Carson,→ UEFA Intertoto Cup via league finish,2007-2008
326,7,Blackburn,38,15,13,10,50,48,2,58,1.53,,,,,,23944.0,Roque Santa Cruz - 19,Brad Friedel,,2007-2008
327,8,Portsmouth,38,16,9,13,48,40,8,57,1.5,,,,,,19914.0,Benjani - 12,David James,→ UEFA Cup via cup win 1,2007-2008
328,9,Manchester City,38,15,10,13,45,53,-8,55,1.45,,,,,,42126.0,Elano - 8,Joe Hart,→ UEFA Cup 2,2007-2008
329,10,West Ham,38,13,10,15,42,50,-8,49,1.29,,,,,,34601.0,Dean Ashton - 10,Robert Green,,2007-2008
330,11,Tottenham,38,11,13,14,66,61,5,46,1.21,,,,,,35967.0,"Dimitar Berbatov, Robbie Keane - 15",Paul Robinson,→ UEFA Cup via cup win 3,2007-2008
331,12,Newcastle Utd,38,11,10,17,45,65,-20,43,1.13,,,,,,50488.0,Michael Owen - 11,Steve Harper,,2007-2008
332,13,Middlesbrough,38,10,12,16,43,53,-10,42,1.11,,,,,,26708.0,Stewart Downing - 9,Mark Schwarzer,,2007-2008
333,14,Wigan Athletic,38,10,10,18,34,51,-17,40,1.05,,,,,,19046.0,Marcus Bent - 7,Chris Kirkland,,2007-2008
334,15,Sunderland,38,11,6,21,36,59,-23,39,1.03,,,,,,43344.0,Kenwyne Jones - 7,Craig Gordon,,2007-2008
335,16,Bolton,38,9,10,19,36,54,-18,37,0.97,,,,,,20746.0,Nicolas Anelka - 10,Jussi Jääskeläinen,,2007-2008
336,17,Fulham,38,8,12,18,38,60,-22,36,0.95,,,,,,23773.0,Clint Dempsey - 6,Antti Niemi,,2007-2008
337,18,Reading,38,10,6,22,41,66,-25,36,0.95,,,,,,23585.0,Dave Kitson - 10,Marcus Hahnemann,Relegated,2007-2008
338,19,Birmingham City,38,8,11,19,46,62,-16,35,0.92,,,,,,26181.0,Mikael Forssell - 9,Maik Taylor,Relegated,2007-2008
339,20,Derby County,38,1,8,29,20,89,-69,11,0.29,,,,,,32432.0,Kenny Miller - 4,Stephen Bywater,Relegated,2007-2008
340,1,Manchester Utd,38,28,5,5,83,27,56,89,2.34,,,,,,75826.0,Cristiano Ronaldo - 17,Edwin van der Sar,→ Champions League via league finish,2006-2007
341,2,Chelsea,38,24,11,3,64,24,40,83,2.18,,,,,,41542.0,Didier Drogba - 20,Petr Čech,→ Champions League via league finish,2006-2007
342,3,Liverpool,38,20,8,10,57,27,30,68,1.79,,,,,,43561.0,Dirk Kuyt - 12,Pepe Reina,→ Champions League via league finish,2006-2007
343,4,Arsenal,38,19,11,8,63,35,28,68,1.79,,,,,,60140.0,Robin van Persie - 11,Jens Lehmann,→ Champions League via league finish,2006-2007
344,5,Tottenham,38,17,9,12,57,54,3,60,1.58,,,,,,35739.0,Dimitar Berbatov - 12,Paul Robinson,→ UEFA Cup via league finish,2006-2007
345,6,Everton,38,15,13,10,52,36,16,58,1.53,,,,,,36739.0,Andrew Johnson - 11,Tim Howard,→ UEFA Cup via league finish 1,2006-2007
346,7,Bolton,38,16,8,14,47,52,-5,56,1.47,,,,,,23606.0,Nicolas Anelka - 11,Jussi Jääskeläinen,→ UEFA Cup via league finish 2,2006-2007
347,8,Reading,38,16,7,15,52,47,5,55,1.45,,,,,,23829.0,Kevin Doyle - 13,Marcus Hahnemann,,2006-2007
348,9,Portsmouth,38,14,12,12,45,42,3,54,1.42,,,,,,19862.0,Nwankwo Kanu - 10,David James,,2006-2007
349,10,Blackburn,38,15,7,16,52,54,-2,52,1.37,,,,,,21271.0,Benni McCarthy - 18,Brad Friedel,→ UEFA Intertoto Cup via league finish,2006-2007
350,11,Aston Villa,38,11,17,10,43,41,2,50,1.32,,,,,,36214.0,Gabriel Agbonlahor - 9,Thomas Sørensen,,2006-2007
351,12,Middlesbrough,38,12,10,16,44,49,-5,46,1.21,,,,,,27730.0,Mark Viduka - 14,Mark Schwarzer,,2006-2007
352,13,Newcastle Utd,38,11,10,17,38,47,-9,43,1.13,,,,,,50686.0,Obafemi Martins - 11,Shay Given,,2006-2007
353,14,Manchester City,38,11,9,18,29,44,-15,42,1.11,,,,,,39997.0,Joey Barton - 6,Nicky Weaver,,2006-2007
354,15,West Ham,38,12,5,21,35,59,-24,41,1.08,,,,,,34722.0,Bobby Zamora - 11,Robert Green,,2006-2007
355,16,Fulham,38,8,15,15,38,60,-22,39,1.03,,,,,,22279.0,Brian McBride - 9,Antti Niemi,,2006-2007
356,17,Wigan Athletic,38,10,8,20,37,59,-22,38,1.0,,,,,,18159.0,Emile Heskey - 8,Chris Kirkland,,2006-2007
357,18,Sheffield Utd,38,10,8,20,32,55,-23,38,1.0,,,,,,30684.0,Robert Hulse - 8,Paddy Kenny,Relegated,2006-2007
358,19,Charlton Ath,38,8,10,20,34,60,-26,34,0.89,,,,,,26195.0,Darren Bent - 13,Scott Carson,Relegated,2006-2007
359,20,Watford,38,5,13,20,29,59,-30,28,0.74,,,,,,18750.0,Hameur Bouazza - 5,Ben Foster,Relegated,2006-2007
360,1,Chelsea,38,29,4,5,72,22,50,91,2.39,,,,,,41902.0,Frank Lampard - 16,Petr Čech,→ Champions League via league finish,2005-2006
361,2,Manchester Utd,38,25,8,5,72,34,38,83,2.18,,,,,,68765.0,Ruud van Nistelrooy - 21,Edwin van der Sar,→ Champions League via league finish,2005-2006
362,3,Liverpool,38,25,7,6,57,25,32,82,2.16,,,,,,44236.0,Steven Gerrard - 10,Pepe Reina,→ Champions League via league finish,2005-2006
363,4,Arsenal,38,20,7,11,68,31,37,67,1.76,,,,,,38184.0,Thierry Henry - 27,Jens Lehmann,→ Champions League via league finish,2005-2006
364,5,Tottenham,38,18,11,9,53,38,15,65,1.71,,,,,,36074.0,Robbie Keane - 16,Paul Robinson,→ UEFA Cup via league finish,2005-2006
365,6,Blackburn,38,19,6,13,51,42,9,63,1.66,,,,,,21015.0,Craig Bellamy - 13,Brad Friedel,→ UEFA Cup via league finish 1,2005-2006
366,7,Newcastle Utd,38,17,7,14,47,42,5,58,1.53,,,,,,52032.0,Alan Shearer - 10,Shay Given,→ UEFA Intertoto Cup via league finish,2005-2006
367,8,Bolton,38,15,11,12,49,41,8,56,1.47,,,,,,25455.0,"Stelios Giannakopoulos, Kevin Nolan - 9",Jussi Jääskeläinen,,2005-2006
368,9,West Ham,38,16,7,15,52,55,-3,55,1.45,,,,,,33743.0,Marlon Harewood - 14,Roy Carroll,→ UEFA Cup via cup loss 2,2005-2006
369,10,Wigan Athletic,38,15,6,17,45,52,-7,51,1.34,,,,,,20610.0,Henri Camara - 12,Mike Pollitt,,2005-2006
370,11,Everton,38,14,8,16,34,49,-15,50,1.32,,,,,,36860.0,James Beattie - 10,Nigel Martyn,,2005-2006
371,12,Fulham,38,14,6,18,48,58,-10,48,1.26,,,,,,20654.0,Collins John - 11,Tony Warner,,2005-2006
372,13,Charlton Ath,38,13,8,17,41,55,-14,47,1.24,,,,,,26196.0,Darren Bent - 18,Thomas Myhre,,2005-2006
373,14,Middlesbrough,38,12,9,17,48,58,-10,45,1.18,,,,,,28463.0,Yakubu Aiyegbeni - 13,Mark Schwarzer,,2005-2006
374,15,Manchester City,38,13,4,21,43,48,-5,43,1.13,,,,,,42056.0,Andy Cole - 9,David James,,2005-2006
375,16,Aston Villa,38,10,12,16,42,55,-13,42,1.11,,,,,,34112.0,"Milan Baroš, Luke Moore - 8",Thomas Sørensen,,2005-2006
376,17,Portsmouth,38,10,8,20,37,62,-25,38,1.0,,,,,,19840.0,Lomana LuaLua - 7,Jamie Ashdown,,2005-2006
377,18,Birmingham City,38,8,10,20,28,50,-22,34,0.89,,,,,,27392.0,Jiří Jarošík - 5,Maik Taylor,Relegated,2005-2006
378,19,West Brom,38,7,9,22,31,58,-27,30,0.79,,,,,,25404.0,"Nathan Ellington, Nwankwo Kanu - 5",Tomasz Kuszczak,Relegated,2005-2006
379,20,Sunderland,38,3,6,29,26,69,-43,15,0.39,,,,,,33904.0,"Liam Lawrence, Anthony Le Tallec... - 3",Kelvin Davis,Relegated,2005-2006
380,1,Chelsea,38,29,8,1,72,15,57,95,2.5,,,,,,41870.0,Frank Lampard - 13,Petr Čech,→ Champions League via league finish,2004-2005
381,2,Arsenal,38,25,8,5,87,36,51,83,2.18,,,,,,37979.0,Thierry Henry - 25,Jens Lehmann,→ Champions League via league finish,2004-2005
382,3,Manchester Utd,38,22,11,5,58,26,32,77,2.03,,,,,,67871.0,Wayne Rooney - 11,Roy Carroll,→ Champions League via league finish,2004-2005
383,4,Everton,38,18,7,13,45,46,-1,61,1.61,,,,,,36834.0,Tim Cahill - 11,Nigel Martyn,→ Champions League via league finish,2004-2005
384,5,Liverpool,38,17,7,14,52,41,11,58,1.53,,,,,,42587.0,Milan Baroš - 9,Jerzy Dudek,→ Champions League 1,2004-2005
385,6,Bolton,38,16,10,12,49,44,5,58,1.53,,,,,,26006.0,El Hadji Diouf - 9,Jussi Jääskeläinen,→ UEFA Cup via league finish 2,2004-2005
386,7,Middlesbrough,38,14,13,11,53,46,7,55,1.45,,,,,,32012.0,Jimmy Floyd Hasselbaink - 13,Mark Schwarzer,→ UEFA Cup via league finish 3,2004-2005
387,8,Manchester City,38,13,13,12,47,39,8,52,1.37,,,,,,45192.0,Robbie Fowler - 11,David James,,2004-2005
388,9,Tottenham,38,14,10,14,47,41,6,52,1.37,,,,,,35873.0,Jermain Defoe - 13,Paul Robinson,,2004-2005
389,10,Aston Villa,38,12,11,15,45,52,-7,47,1.24,,,,,,37354.0,Nolberto Solano - 8,Thomas Sørensen,,2004-2005
390,11,Charlton Ath,38,12,10,16,42,58,-16,46,1.21,,,,,,26401.0,Shaun Bartlett - 6,Dean Kiely,,2004-2005
391,12,Birmingham City,38,11,12,15,40,46,-6,45,1.18,,,,,,28760.0,Emile Heskey - 10,Maik Taylor,,2004-2005
392,13,Fulham,38,12,8,18,52,60,-8,44,1.16,,,,,,19838.0,Andy Cole - 12,Edwin van der Sar,,2004-2005
393,14,Newcastle Utd,38,10,14,14,47,57,-10,44,1.16,,,,,,51844.0,"Craig Bellamy, Alan Shearer - 7",Shay Given,→ UEFA Intertoto Cup via league finish,2004-2005
394,15,Blackburn,38,9,15,14,32,43,-11,42,1.11,,,,,,22315.0,Paul Dickov - 9,Brad Friedel,,2004-2005
395,16,Portsmouth,38,10,9,19,43,59,-16,39,1.03,,,,,,20072.0,Yakubu Aiyegbeni - 13,Shaka Hislop,,2004-2005
396,17,West Brom,38,6,16,16,36,61,-25,34,0.89,,,,,,25987.0,Robert Earnshaw - 11,Russell Hoult,,2004-2005
397,18,Crystal Palace,38,7,12,19,41,62,-21,33,0.87,,,,,,24108.0,Andrew Johnson - 21,Gábor Király,Relegated,2004-2005
398,19,Norwich City,38,7,12,19,42,77,-35,33,0.87,,,,,,24326.0,"Damien Francis, Dean Ashton... - 7",Robert Green,Relegated,2004-2005
399,20,Southampton,38,6,14,18,45,66,-21,32,0.84,,,,,,30610.0,Peter Crouch - 12,Antti Niemi,Relegated,2004-2005
400,1,Arsenal,38,26,12,0,73,26,47,90,2.37,,,,,,38079.0,Thierry Henry - 30,Jens Lehmann,→ Champions League via league finish,2003-2004
401,2,Chelsea,38,24,7,7,67,30,37,79,2.08,,,,,,41234.0,Jimmy Floyd Hasselbaink - 12,Carlo Cudicini,→ Champions League via league finish,2003-2004
402,3,Manchester Utd,38,23,6,9,64,35,29,75,1.97,,,,,,67641.0,Ruud van Nistelrooy - 20,Tim Howard,→ Champions League via league finish,2003-2004
403,4,Liverpool,38,16,12,10,55,37,18,60,1.58,,,,,,42677.0,Michael Owen - 16,Jerzy Dudek,→ Champions League via league finish,2003-2004
404,5,Newcastle Utd,38,13,17,8,52,40,12,56,1.47,,,,,,51440.0,Alan Shearer - 22,Shay Given,→ UEFA Cup via league finish,2003-2004
405,6,Aston Villa,38,15,11,12,48,44,4,56,1.47,,,,,,36622.0,Juan Pablo Ángel - 16,Thomas Sørensen,,2003-2004
406,7,Charlton Ath,38,14,11,13,51,51,0,53,1.39,,,,,,26293.0,Jason Euell - 10,Dean Kiely,,2003-2004
407,8,Bolton,38,14,11,13,48,56,-8,53,1.39,,,,,,26795.0,"Kevin Davies, Kevin Nolan... - 9",Jussi Jääskeläinen,,2003-2004
408,9,Fulham,38,14,10,14,52,46,6,52,1.37,,,,,,16342.0,Louis Saha - 13,Edwin van der Sar,,2003-2004
409,10,Birmingham City,38,12,14,12,43,48,-5,50,1.32,,,,,,29073.0,Mikael Forssell - 17,Maik Taylor,,2003-2004
410,11,Middlesbrough,38,13,9,16,44,52,-8,48,1.26,,,,,,30418.0,Szilárd Németh - 9,Mark Schwarzer,→ UEFA Cup via cup win 1,2003-2004
411,12,Southampton,38,12,11,15,44,45,-1,47,1.24,,,,,,31699.0,James Beattie - 14,Antti Niemi,,2003-2004
412,13,Portsmouth,38,12,9,17,47,54,-7,45,1.18,,,,,,20108.0,Yakubu Aiyegbeni - 16,Shaka Hislop,,2003-2004
413,14,Tottenham,38,13,6,19,47,57,-10,45,1.18,,,,,,34876.0,Robbie Keane - 14,Kasey Keller,,2003-2004
414,15,Blackburn,38,12,8,18,51,59,-8,44,1.16,,,,,,24376.0,Andy Cole - 11,Brad Friedel,,2003-2004
415,16,Manchester City,38,9,14,15,55,54,1,41,1.08,,,,,,46834.0,Nicolas Anelka - 16,David Seaman,,2003-2004
416,17,Everton,38,9,12,17,45,57,-12,39,1.03,,,,,,38837.0,Wayne Rooney - 9,Nigel Martyn,,2003-2004
417,18,Leicester City,38,6,15,17,48,65,-17,33,0.87,,,,,,30893.0,Les Ferdinand - 12,Ian Walker,Relegated,2003-2004
418,19,Leeds United,38,8,9,21,40,79,-39,33,0.87,,,,,,36666.0,Mark Viduka - 11,Paul Robinson,Relegated,2003-2004
419,20,Wolves,38,7,12,19,38,77,-39,33,0.87,,,,,,28874.0,Henri Camara - 7,Michael Oakes,Relegated,2003-2004
420,1,Manchester Utd,38,25,8,5,74,34,40,83,2.18,,,,,,67602.0,Ruud van Nistelrooy - 25,Fabien Barthez,→ Champions League via league finish,2002-2003
421,2,Arsenal,38,23,9,6,85,42,43,78,2.05,,,,,,38042.0,Thierry Henry - 24,David Seaman,→ Champions League via league finish,2002-2003
422,3,Newcastle Utd,38,21,6,11,63,48,15,69,1.82,,,,,,51923.0,Alan Shearer - 17,Shay Given,→ Champions League via league finish,2002-2003
423,4,Chelsea,38,19,10,9,68,38,30,67,1.76,,,,,,39784.0,Gianfranco Zola - 14,Carlo Cudicini,→ Champions League via league finish,2002-2003
424,5,Liverpool,38,18,10,10,61,41,20,64,1.68,,,,,,43243.0,Michael Owen - 19,Jerzy Dudek,→ UEFA Cup via league finish,2002-2003
425,6,Blackburn,38,16,12,10,52,43,9,60,1.58,,,,,,26226.0,Damien Duff - 9,Brad Friedel,→ UEFA Cup via league finish 1,2002-2003
426,7,Everton,38,17,8,13,48,49,-1,59,1.55,,,,,,38491.0,Tomasz Radzinski - 12,Richard Wright,,2002-2003
427,8,Southampton,38,13,13,12,43,46,-3,52,1.37,,,,,,30680.0,James Beattie - 23,Antti Niemi,→ UEFA Cup via cup loss 2,2002-2003
428,9,Manchester City,38,15,6,17,47,54,-7,51,1.34,,,,,,34565.0,Nicolas Anelka - 14,Peter Schmeichel,→ UEFA Cup 3,2002-2003
429,10,Tottenham,38,14,8,16,51,62,-11,50,1.32,,,,,,35897.0,Robbie Keane - 13,Kasey Keller,,2002-2003
430,11,Middlesbrough,38,13,10,15,48,44,4,49,1.29,,,,,,31105.0,Massimo Maccarone - 9,Mark Schwarzer,,2002-2003
431,12,Charlton Ath,38,14,7,17,45,56,-11,49,1.29,,,,,,26256.0,Jason Euell - 10,Dean Kiely,,2002-2003
432,13,Birmingham City,38,13,9,16,41,49,-8,48,1.26,,,,,,28831.0,Clinton Morrison - 6,Nico Vaesen,,2002-2003
433,14,Fulham,38,13,9,16,41,50,-9,48,1.26,,,,,,16707.0,Steed Malbranque - 6,Edwin van der Sar,,2002-2003
434,15,Leeds United,38,14,5,19,58,57,1,47,1.24,,,,,,39120.0,Mark Viduka - 20,Paul Robinson,,2002-2003
435,16,Aston Villa,38,12,9,17,42,47,-5,45,1.18,,,,,,34975.0,Dion Dublin - 10,Peter Enckelman,,2002-2003
436,17,Bolton,38,10,14,14,41,51,-10,44,1.16,,,,,,25017.0,"Youri Djorkaeff, Jay-Jay Okocha... - 7",Jussi Jääskeläinen,,2002-2003
437,18,West Ham,38,10,12,16,42,59,-17,42,1.11,,,,,,34432.0,Paolo Di Canio - 9,David James,Relegated,2002-2003
438,19,West Brom,38,6,8,24,29,65,-36,26,0.68,,,,,,26731.0,"Danny Dichio, Scott Dobie - 5",Russell Hoult,Relegated,2002-2003
439,20,Sunderland,38,4,7,27,21,65,-44,19,0.5,,,,,,39698.0,Kevin Phillips - 6,Thomas Sørensen,Relegated,2002-2003
440,1,Arsenal,38,26,9,3,79,36,43,87,2.29,,,,,,38055.0,Thierry Henry - 24,David Seaman,→ Champions League via league finish,2001-2002
441,2,Liverpool,38,24,8,6,67,30,37,80,2.11,,,,,,43389.0,Michael Owen - 19,Jerzy Dudek,→ Champions League via league finish,2001-2002
442,3,Manchester Utd,38,24,5,9,87,45,42,77,2.03,,,,,,67558.0,Ruud van Nistelrooy - 23,Fabien Barthez,→ Champions League via league finish,2001-2002
443,4,Newcastle Utd,38,21,8,9,74,52,22,71,1.87,,,,,,51373.0,Alan Shearer - 23,Shay Given,→ Champions League via league finish,2001-2002
444,5,Leeds United,38,18,12,8,53,37,16,66,1.74,,,,,,39752.0,Robbie Fowler - 12,Nigel Martyn,→ UEFA Cup via league finish,2001-2002
445,6,Chelsea,38,17,13,8,66,38,28,64,1.68,,,,,,39030.0,Jimmy Floyd Hasselbaink - 23,Carlo Cudicini,→ UEFA Cup via cup loss 1,2001-2002
446,7,West Ham,38,15,8,15,48,57,-9,53,1.39,,,,,,31570.0,Frédéric Kanouté - 11,David James,,2001-2002
447,8,Aston Villa,38,12,14,12,46,47,-1,50,1.32,,,,,,35012.0,"Juan Pablo Ángel, Darius Vassell - 12",Peter Schmeichel,→ UEFA Intertoto Cup via league finish,2001-2002
448,9,Tottenham,38,14,8,16,49,53,-4,50,1.32,,,,,,35001.0,"Gus Poyet, Teddy Sheringham - 10",Neil Sullivan,,2001-2002
449,10,Blackburn,38,12,10,16,55,51,4,46,1.21,,,,,,25973.0,Matt Jansen - 10,Brad Friedel,→ UEFA Cup via cup win 2,2001-2002
450,11,Southampton,38,12,9,17,46,54,-8,45,1.18,,,,,,30633.0,Marians Pahars - 14,Paul Jones,,2001-2002
451,12,Middlesbrough,38,12,9,17,35,47,-12,45,1.18,,,,,,28459.0,Alen Bokšić - 8,Mark Schwarzer,,2001-2002
452,13,Fulham,38,10,14,14,36,44,-8,44,1.16,,,,,,19389.0,"Barry Hayles, Steed Malbranque... - 8",Edwin van der Sar,→ UEFA Intertoto Cup via league finish,2001-2002
453,14,Charlton Ath,38,10,14,14,38,49,-11,44,1.16,,,,,,24165.0,Jason Euell - 11,Dean Kiely,,2001-2002
454,15,Everton,38,11,10,17,45,57,-12,43,1.13,,,,,,33582.0,"Duncan Ferguson, Tomasz Radzinski - 6",Steve Simonsen,,2001-2002
455,16,Bolton,38,9,13,16,44,62,-18,40,1.05,,,,,,25098.0,Michael Ricketts - 12,Jussi Jääskeläinen,,2001-2002
456,17,Sunderland,38,10,10,18,29,51,-22,40,1.05,,,,,,46744.0,Kevin Phillips - 11,Thomas Sørensen,,2001-2002
457,18,Ipswich Town,38,9,9,20,41,64,-23,36,0.95,,,,,,24426.0,Marcus Bent - 9,Matteo Sereni,"Relegated, → UEFA Cup 3",2001-2002
458,19,Derby County,38,8,6,24,33,63,-30,30,0.79,,,,,,29785.0,"Malcolm Christie, Fabrizio Ravanelli - 9",Andy Oakes,Relegated,2001-2002
459,20,Leicester City,38,5,13,20,30,64,-34,28,0.74,,,,,,19835.0,Brian Deane - 6,Ian Walker,Relegated,2001-2002
460,1,Manchester Utd,38,24,8,6,79,31,48,80,2.11,,,,,,67489.0,Teddy Sheringham - 15,Fabien Barthez,→ Champions League via league finish,2000-2001
461,2,Arsenal,38,20,10,8,63,38,25,70,1.84,,,,,,37974.0,Thierry Henry - 17,David Seaman,→ Champions League via league finish,2000-2001
462,3,Liverpool,38,20,9,9,71,39,32,69,1.82,,,,,,43698.0,Michael Owen - 16,Sander Westerveld,→ Champions League via league finish,2000-2001
463,4,Leeds United,38,20,8,10,64,43,21,68,1.79,,,,,,38974.0,Mark Viduka - 17,Nigel Martyn,→ UEFA Cup via league finish,2000-2001
464,5,Ipswich Town,38,20,6,12,57,42,15,66,1.74,,,,,,22532.0,Marcus Stewart - 19,Richard Wright,→ UEFA Cup via league finish 1,2000-2001
465,6,Chelsea,38,17,10,11,68,45,23,61,1.61,,,,,,34700.0,Jimmy Floyd Hasselbaink - 23,Carlo Cudicini,→ UEFA Cup via league finish 2,2000-2001
466,7,Sunderland,38,15,12,11,46,41,5,57,1.5,,,,,,46790.0,Kevin Phillips - 14,Thomas Sørensen,,2000-2001
467,8,Aston Villa,38,13,15,10,46,43,3,54,1.42,,,,,,31522.0,Dion Dublin - 8,David James,→ UEFA Intertoto Cup via league finish,2000-2001
468,9,Charlton Ath,38,14,10,14,50,57,-7,52,1.37,,,,,,20022.0,Jonatan Johansson - 11,Dean Kiely,,2000-2001
469,10,Southampton,38,14,10,14,40,48,-8,52,1.37,,,,,,15115.0,James Beattie - 11,Paul Jones,,2000-2001
470,11,Newcastle Utd,38,14,9,15,44,50,-6,51,1.34,,,,,,51309.0,"Carl Cort, Nolberto Solano - 6",Shay Given,→ UEFA Intertoto Cup via league finish,2000-2001
471,12,Tottenham,38,13,10,15,47,54,-7,49,1.29,,,,,,35194.0,Les Ferdinand - 10,Neil Sullivan,,2000-2001
472,13,Leicester City,38,14,6,18,39,51,-12,48,1.26,,,,,,20452.0,Ade Akinbiyi - 9,Tim Flowers,,2000-2001
473,14,Middlesbrough,38,9,15,14,44,44,0,42,1.11,,,,,,30747.0,Alen Bokšić - 12,Mark Schwarzer,,2000-2001
474,15,West Ham,38,10,12,16,45,50,-5,42,1.11,,,,,,25697.0,Frédéric Kanouté - 11,Shaka Hislop,,2000-2001
475,16,Everton,38,11,9,18,45,59,-14,42,1.11,,,,,,34130.0,Kevin Campbell - 9,Paul Gerrard,,2000-2001
476,17,Derby County,38,10,12,16,37,59,-22,42,1.11,,,,,,28550.0,Malcolm Christie - 8,Mart Poom,,2000-2001
477,18,Manchester City,38,8,10,20,41,65,-24,34,0.89,,,,,,34058.0,Paulo Wanchope - 9,Nicky Weaver,Relegated,2000-2001
478,19,Coventry City,38,8,10,20,36,63,-27,34,0.89,,,,,,20582.0,"Craig Bellamy, Mustapha Hadji... - 6",Chris Kirkland,Relegated,2000-2001
479,20,Bradford City,38,5,11,22,30,70,-40,26,0.68,,,,,,18510.0,Benito Carbone - 5,Gary Walsh,Relegated,2000-2001
480,1,Manchester Utd,38,28,7,3,97,45,52,91,2.39,,,,,,55107.0,Dwight Yorke - 20,Mark Bosnich,→ Champions League via league finish,1999-2000
481,2,Arsenal,38,22,7,9,73,43,30,73,1.92,,,,,,38033.0,Thierry Henry - 17,David Seaman,→ Champions League via league finish,1999-2000
482,3,Leeds United,38,21,6,11,58,43,15,69,1.82,,,,,,39154.0,Michael Bridges - 19,Nigel Martyn,→ Champions League via league finish,1999-2000
483,4,Liverpool,38,19,10,9,51,30,21,67,1.76,,,,,,41757.0,Michael Owen - 11,Sander Westerveld,→ UEFA Cup via league finish,1999-2000
484,5,Chelsea,38,18,11,9,53,34,19,65,1.71,,,,,,34533.0,"Tore André Flo, Gus Poyet - 10",Ed de Goey,→ UEFA Cup via cup win 1,1999-2000
485,6,Aston Villa,38,15,13,10,46,35,11,58,1.53,,,,,,31696.0,Dion Dublin - 12,David James,→ UEFA Intertoto Cup via league finish,1999-2000
486,7,Sunderland,38,16,10,12,57,56,1,58,1.53,,,,,,39300.0,Kevin Phillips - 30,Thomas Sørensen,,1999-2000
487,8,Leicester City,38,16,7,15,55,55,0,55,1.45,,,,,,18884.0,Tony Cottee - 13,Tim Flowers,→ UEFA Cup via cup win 2,1999-2000
488,9,West Ham,38,15,10,13,52,53,-1,55,1.45,,,,,,25093.0,Paolo Di Canio - 16,Shaka Hislop,,1999-2000
489,10,Tottenham,38,15,8,15,57,49,8,53,1.39,,,,,,31186.0,"Chris Armstrong, Steffen Iversen - 14",Ian Walker,,1999-2000
490,11,Newcastle Utd,38,14,10,14,63,54,9,52,1.37,,,,,,36321.0,Alan Shearer - 23,Steve Harper,,1999-2000
491,12,Middlesbrough,38,14,10,14,46,52,-6,52,1.37,,,,,,33393.0,Hamilton Ricard - 12,Mark Schwarzer,,1999-2000
492,13,Everton,38,12,14,12,59,49,10,50,1.32,,,,,,34827.0,Kevin Campbell - 12,Paul Gerrard,,1999-2000
493,14,Coventry City,38,12,8,18,47,54,-7,44,1.16,,,,,,20808.0,Robbie Keane - 12,Magnus Hedman,,1999-2000
494,15,Southampton,38,12,8,18,45,62,-17,44,1.16,,,,,,15131.0,Marians Pahars - 13,Paul Jones,,1999-2000
495,16,Derby County,38,9,11,18,44,57,-13,38,1.0,,,,,,29351.0,Rory Delap - 8,Mart Poom,,1999-2000
496,17,Bradford City,38,9,9,20,38,68,-30,36,0.95,,,,,,18030.0,Dean Windass - 10,Matt Clarke,→ UEFA Intertoto Cup via league finish,1999-2000
497,18,Wimbledon,38,7,12,19,46,74,-28,33,0.87,,,,,,17131.0,"Carl Cort, John Hartson - 9",Neil Sullivan,Relegated,1999-2000
498,19,Sheffield Weds,38,8,7,23,38,70,-32,31,0.82,,,,,,24855.0,Gilles De Bilde - 10,Pavel Srníček,Relegated,1999-2000
499,20,Watford,38,6,6,26,35,77,-42,24,0.63,,,,,,19431.0,Heiðar Helguson - 6,Alec Chamberlain,Relegated,1999-2000
500,1,Manchester Utd,38,22,13,3,80,37,43,79,2.08,,,,,,55188.0,Dwight Yorke - 18,Peter Schmeichel,→ Champions League via league finish,1998-1999
501,2,Arsenal,38,22,12,4,59,17,42,78,2.05,,,,,,38023.0,Nicolas Anelka - 17,David Seaman,→ Champions League via league finish,1998-1999
502,3,Chelsea,38,20,15,3,57,30,27,75,1.97,,,,,,35278.0,Gianfranco Zola - 13,Ed de Goey,→ Champions League via league finish,1998-1999
503,4,Leeds United,38,18,13,7,62,34,28,67,1.76,,,,,,35845.0,Jimmy Floyd Hasselbaink - 18,Nigel Martyn,→ UEFA Cup via league finish,1998-1999
504,5,West Ham,38,16,9,13,46,53,-7,57,1.5,,,,,,25684.0,Ian Wright - 9,Shaka Hislop,→ UEFA Intertoto Cup via league finish,1998-1999
505,6,Aston Villa,38,15,10,13,51,46,5,55,1.45,,,,,,37039.0,Julian Joachim - 14,Michael Oakes,,1998-1999
506,7,Liverpool,38,15,9,14,68,49,19,54,1.42,,,,,,43321.0,Michael Owen - 18,David James,,1998-1999
507,8,Derby County,38,13,13,12,40,45,-5,52,1.37,,,,,,29195.0,"Deon Burton, Paulo Wanchope - 9",Russell Hoult,,1998-1999
508,9,Middlesbrough,38,12,15,11,48,54,-6,51,1.34,,,,,,34389.0,Hamilton Ricard - 15,Mark Schwarzer,,1998-1999
509,10,Leicester City,38,12,13,13,40,46,-6,49,1.29,,,,,,20469.0,Tony Cottee - 10,Kasey Keller,,1998-1999
510,11,Tottenham,38,11,14,13,47,50,-3,47,1.24,,,,,,34153.0,Steffen Iversen - 9,Ian Walker,→ UEFA Cup via cup win 1,1998-1999
511,12,Sheffield Weds,38,13,7,18,41,42,-1,46,1.21,,,,,,26745.0,Benito Carbone - 8,Pavel Srníček,,1998-1999
512,13,Newcastle Utd,38,11,13,14,48,54,-6,46,1.21,,,,,,36882.0,Alan Shearer - 14,Shay Given,→ UEFA Cup via cup loss 2,1998-1999
513,14,Everton,38,11,10,17,42,47,-5,43,1.13,,,,,,36203.0,Kevin Campbell - 9,Thomas Myhre,,1998-1999
514,15,Coventry City,38,11,9,18,39,51,-12,42,1.11,,,,,,20805.0,Noel Whelan - 10,Magnus Hedman,,1998-1999
515,16,Wimbledon,38,10,12,16,40,63,-23,42,1.11,,,,,,18237.0,"Jason Euell, Marcus Gayle - 10",Neil Sullivan,,1998-1999
516,17,Southampton,38,11,8,19,37,64,-27,41,1.08,,,,,,15139.0,"Matt Le Tissier, Egil Østenstad - 7",Paul Jones,,1998-1999
517,18,Charlton Ath,38,8,12,18,41,56,-15,36,0.95,,,,,,19823.0,Clive Mendonca - 8,Saša Ilić,Relegated,1998-1999
518,19,Blackburn,38,7,14,17,38,52,-14,35,0.92,,,,,,25761.0,"Ashley Ward, Kevin Gallacher - 5",John Filan,Relegated,1998-1999
519,20,Nott'ham Forest,38,7,9,22,35,69,-34,30,0.79,,,,,,24415.0,Dougie Freedman - 9,Dave Beasant,Relegated,1998-1999
520,1,Arsenal,38,23,9,6,68,33,35,78,2.05,,,,,,38053.0,Dennis Bergkamp - 16,David Seaman,→ Champions League via league finish,1997-1998
521,2,Manchester Utd,38,23,8,7,73,26,47,77,2.03,,,,,,55164.0,Andy Cole - 15,Peter Schmeichel,→ Champions League via league finish,1997-1998
522,3,Liverpool,38,18,11,9,68,42,26,65,1.71,,,,,,40628.0,Michael Owen - 18,David James,→ UEFA Cup via league finish,1997-1998
523,4,Chelsea,38,20,3,15,71,43,28,63,1.66,,,,,,33306.0,"Tore André Flo, Gianluca Vialli - 11",Ed de Goey,→ UEFA Cup Winners' Cup,1997-1998
524,5,Leeds United,38,17,8,13,57,46,11,59,1.55,,,,,,34444.0,Jimmy Floyd Hasselbaink - 16,Nigel Martyn,→ UEFA Cup via league finish,1997-1998
525,6,Blackburn,38,16,10,12,57,52,5,58,1.53,,,,,,25028.0,Chris Sutton - 18,Tim Flowers,→ UEFA Cup via league finish,1997-1998
526,7,Aston Villa,38,17,6,15,49,48,1,57,1.5,,,,,,35956.0,Dwight Yorke - 12,Mark Bosnich,→ UEFA Cup 1,1997-1998
527,8,West Ham,38,16,8,14,56,57,-1,56,1.47,,,,,,24921.0,John Hartson - 15,"Craig Forrest, Luděk Mikloško",,1997-1998
528,9,Derby County,38,16,7,15,52,49,3,55,1.45,,,,,,29027.0,Paulo Wanchope - 13,Mart Poom,,1997-1998
529,10,Leicester City,38,13,14,11,51,41,10,53,1.39,,,,,,20615.0,Emile Heskey - 10,Kasey Keller,,1997-1998
530,11,Coventry City,38,12,16,10,46,44,2,52,1.37,,,,,,19722.0,Dion Dublin - 18,Steve Ogrizovic,,1997-1998
531,12,Southampton,38,14,6,18,50,55,-5,48,1.26,,,,,,15159.0,"Matt Le Tissier, Egil Østenstad - 11",Paul Jones,,1997-1998
532,13,Newcastle Utd,38,11,11,16,35,44,-9,44,1.16,,,,,,36663.0,John Barnes - 6,Shay Given,→ UEFA Cup Winners' Cup via cup win 2,1997-1998
533,14,Tottenham,38,11,11,16,44,56,-12,44,1.16,,,,,,28763.0,Jürgen Klinsmann - 9,Ian Walker,,1997-1998
534,15,Wimbledon,38,10,14,14,34,46,-12,44,1.16,,,,,,16682.0,"Efan Ekoku, Jason Euell... - 4",Neil Sullivan,,1997-1998
535,16,Sheffield Weds,38,12,8,18,52,67,-15,44,1.16,,,,,,28706.0,Paolo Di Canio - 12,Kevin Pressman,,1997-1998
536,17,Everton,38,9,13,16,41,56,-15,40,1.05,,,,,,35090.0,Duncan Ferguson - 11,Thomas Myhre,,1997-1998
537,18,Bolton,38,9,13,16,41,61,-20,40,1.05,,,,,,24352.0,Nathan Blake - 12,Keith Branagan,Relegated,1997-1998
538,19,Barnsley,38,10,5,23,37,82,-45,35,0.92,,,,,,18428.0,Neil Redfearn - 10,David Watson,Relegated,1997-1998
539,20,Crystal Palace,38,8,9,21,37,71,-34,33,0.87,,,,,,22266.0,Neil Shipperley - 7,Kevin Miller,"Relegated, → UEFA Intertoto Cup",1997-1998
540,1,Manchester Utd,38,21,12,5,76,44,32,75,1.97,,,,,,55081.0,Ole Gunnar Solskjær - 18,Peter Schmeichel,→ Champions League via league finish,1996-1997
541,2,Newcastle Utd,38,19,11,8,73,40,33,68,1.79,,,,,,36466.0,Alan Shearer - 25,Pavel Srníček,→ Champions League via league finish,1996-1997
542,3,Arsenal,38,19,11,8,62,32,30,68,1.79,,,,,,37821.0,Ian Wright - 23,David Seaman,→ UEFA Cup via league finish,1996-1997
543,4,Liverpool,38,19,11,8,62,37,25,68,1.79,,,,,,39777.0,Robbie Fowler - 18,David James,→ UEFA Cup via league finish,1996-1997
544,5,Aston Villa,38,17,10,11,47,34,13,61,1.61,,,,,,36027.0,Dwight Yorke - 17,Michael Oakes,→ UEFA Cup via league finish,1996-1997
545,6,Chelsea,38,16,11,11,58,55,3,59,1.55,,,,,,27001.0,Gianluca Vialli - 9,Frode Grodås,→ UEFA Cup Winners' Cup via cup win 1,1996-1997
546,7,Sheffield Weds,38,14,15,9,50,51,-1,57,1.5,,,,,,25693.0,Andy Booth - 10,Kevin Pressman,,1996-1997
547,8,Wimbledon,38,15,11,12,49,46,3,56,1.47,,,,,,15156.0,Efan Ekoku - 11,Neil Sullivan,,1996-1997
548,9,Leicester City,38,12,11,15,46,54,-8,47,1.24,,,,,,20183.0,Steve Claridge - 12,Kasey Keller,→ UEFA Cup via cup win 2,1996-1997
549,10,Tottenham,38,13,7,18,44,51,-7,46,1.21,,,,,,31067.0,Teddy Sheringham - 7,Ian Walker,,1996-1997
550,11,Leeds United,38,11,13,14,28,38,-10,46,1.21,,,,,,32109.0,"Brian Deane, Lee Sharpe - 5",Nigel Martyn,,1996-1997
551,12,Derby County,38,11,13,14,45,58,-13,46,1.21,,,,,,17888.0,Dean Sturridge - 11,Russell Hoult,,1996-1997
552,13,Blackburn,38,9,15,14,42,43,-1,42,1.11,,,,,,24947.0,Chris Sutton - 11,Tim Flowers,,1996-1997
553,14,West Ham,38,10,12,16,39,48,-9,42,1.11,,,,,,23342.0,Paul Kitson - 8,Luděk Mikloško,,1996-1997
554,15,Everton,38,10,12,16,44,57,-13,42,1.11,,,,,,36186.0,Duncan Ferguson - 10,Neville Southall,,1996-1997
555,16,Southampton,38,10,11,17,50,56,-6,41,1.08,,,,,,15100.0,Matt Le Tissier - 13,Maik Taylor,,1996-1997
556,17,Coventry City,38,9,14,15,38,54,-16,41,1.08,,,,,,19625.0,Dion Dublin - 13,Steve Ogrizovic,,1996-1997
557,18,Sunderland,38,10,10,18,35,53,-18,40,1.05,,,,,,20973.0,Craig Russell - 5,Lionel Pérez,Relegated,1996-1997
558,19,Middlesbrough,38,10,12,16,51,60,-9,39,1.03,,,,,,29848.0,Fabrizio Ravanelli - 16,Gary Walsh,"3-point deduction 3, Relegated",1996-1997
559,20,Nott'ham Forest,38,6,16,16,31,59,-28,34,0.89,,,,,,23233.0,"Kevin Campbell, Alf-Inge Håland - 6",Mark Crossley,Relegated,1996-1997
560,1,Manchester Utd,38,25,7,6,73,35,38,82,2.16,,,,,,41001.0,Eric Cantona - 14,Peter Schmeichel,→ Champions League via league finish,1995-1996
561,2,Newcastle Utd,38,24,6,8,66,37,29,78,2.05,,,,,,36501.0,Les Ferdinand - 25,Shaka Hislop,→ UEFA Cup via league finish,1995-1996
562,3,Liverpool,38,20,11,7,70,34,36,71,1.87,,,,,,39553.0,Robbie Fowler - 28,David James,→ UEFA Cup Winners' Cup via cup win 1,1995-1996
563,4,Aston Villa,38,18,9,11,52,35,17,63,1.66,,,,,,37492.0,Dwight Yorke - 17,Mark Bosnich,→ UEFA Cup via league finish,1995-1996
564,5,Arsenal,38,17,12,9,49,32,17,63,1.66,,,,,,32614.0,Ian Wright - 15,David Seaman,→ UEFA Cup via league finish 2,1995-1996
565,6,Everton,38,17,10,11,64,44,20,61,1.61,,,,,,27714.0,Andrei Kanchelskis - 16,Neville Southall,,1995-1996
566,7,Blackburn,38,18,7,13,61,47,14,61,1.61,,,,,,25163.0,Alan Shearer - 31,Tim Flowers,,1995-1996
567,8,Tottenham,38,16,13,9,50,38,12,61,1.61,,,,,,30548.0,Teddy Sheringham - 16,Ian Walker,,1995-1996
568,9,Nott'ham Forest,38,15,13,10,50,54,-4,58,1.53,,,,,,25953.0,"Jason Lee, Bryan Roy... - 8",Mark Crossley,,1995-1996
569,10,West Ham,38,14,9,15,43,52,-9,51,1.34,,,,,,22335.0,"Tony Cottee, Julian Dicks - 10",Luděk Mikloško,,1995-1996
570,11,Chelsea,38,12,14,12,46,44,2,50,1.32,,,,,,25440.0,John Spencer - 13,Dmitri Kharine,,1995-1996
571,12,Middlesbrough,38,11,10,17,35,50,-15,43,1.13,,,,,,29220.0,Nick Barmby - 7,Gary Walsh,,1995-1996
572,13,Leeds United,38,12,7,19,40,57,-17,43,1.13,,,,,,32413.0,Tony Yeboah - 12,John Lukic,,1995-1996
573,14,Wimbledon,38,10,11,17,55,70,-15,41,1.08,,,,,,13332.0,Robbie Earle - 11,Paul Heald,,1995-1996
574,15,Sheffield Weds,38,10,10,18,48,61,-13,40,1.05,,,,,,24887.0,David Hirst - 13,Kevin Pressman,,1995-1996
575,16,Coventry City,38,8,14,16,42,60,-18,38,1.0,,,,,,18292.0,Dion Dublin - 14,Steve Ogrizovic,,1995-1996
576,17,Southampton,38,9,11,18,34,52,-18,38,1.0,,,,,,14802.0,Neil Shipperley - 8,Dave Beasant,,1995-1996
577,18,Manchester City,38,9,11,18,33,58,-25,38,1.0,,,,,,27747.0,Uwe Rösler - 9,Eike Immel,Relegated,1995-1996
578,19,QPR,38,9,6,23,38,57,-19,33,0.87,,,,,,15672.0,Danny Dichio - 10,Juergen Sommer,Relegated,1995-1996
579,20,Bolton,38,8,5,25,39,71,-32,29,0.76,,,,,,18832.0,John McGinlay - 6,Keith Branagan,Relegated,1995-1996
580,1,Blackburn,42,27,8,7,80,39,41,89,2.12,,,,,,25151.0,Alan Shearer - 34,Tim Flowers,→ Champions League via league finish,1994-1995
581,2,Manchester Utd,42,26,10,6,77,29,48,88,2.1,,,,,,43664.0,Andrei Kanchelskis - 14,Peter Schmeichel,→ UEFA Cup via league finish,1994-1995
582,3,Nott'ham Forest,42,22,11,9,72,43,29,77,1.83,,,,,,22079.0,Stan Collymore - 23,Mark Crossley,→ UEFA Cup via league finish,1994-1995
583,4,Liverpool,42,21,11,10,65,37,28,74,1.76,,,,,,33305.0,Robbie Fowler - 25,David James,→ UEFA Cup via league finish,1994-1995
584,5,Leeds United,42,20,13,9,59,38,21,73,1.74,,,,,,33433.0,Tony Yeboah - 12,John Lukic,→ UEFA Cup via league finish 1,1994-1995
585,6,Newcastle Utd,42,20,12,10,67,47,20,72,1.71,,,,,,34373.0,Peter Beardsley - 12,Pavel Srníček,,1994-1995
586,7,Tottenham,42,16,14,12,66,58,8,62,1.48,,,,,,26032.0,Jürgen Klinsmann - 20,Ian Walker,,1994-1995
587,8,QPR,42,17,9,16,61,59,2,60,1.43,,,,,,14791.0,Les Ferdinand - 24,Tony Roberts,,1994-1995
588,9,Wimbledon,42,15,11,16,48,65,-17,56,1.33,,,,,,9847.0,Efan Ekoku - 9,Hans Segers,,1994-1995
589,10,Southampton,42,12,18,12,61,63,-2,54,1.29,,,,,,14496.0,Matt Le Tissier - 19,Bruce Grobbelaar,,1994-1995
590,11,Chelsea,42,13,15,14,50,55,-5,54,1.29,,,,,,20709.0,John Spencer - 11,Dmitri Kharine,,1994-1995
591,12,Arsenal,42,13,12,17,53,49,4,51,1.21,,,,,,35062.0,Ian Wright - 18,David Seaman,,1994-1995
592,13,Sheffield Weds,42,13,12,17,49,57,-8,51,1.21,,,,,,26527.0,Mark Bright - 11,Kevin Pressman,,1994-1995
593,14,West Ham,42,13,11,18,44,48,-4,50,1.19,,,,,,18728.0,Tony Cottee - 13,Luděk Mikloško,,1994-1995
594,15,Everton,42,11,17,14,44,51,-7,50,1.19,,,,,,29102.0,Paul Rideout - 14,Neville Southall,→ UEFA Cup Winners' Cup via cup win 2,1994-1995
595,16,Coventry City,42,12,14,16,44,62,-18,50,1.19,,,,,,14518.0,Dion Dublin - 13,Steve Ogrizovic,,1994-1995
596,17,Manchester City,42,12,13,17,53,64,-11,49,1.17,,,,,,21492.0,Uwe Rösler - 15,Tony Coton,,1994-1995
597,18,Aston Villa,42,11,15,16,51,56,-5,48,1.14,,,,,,28676.0,Dean Saunders - 15,Mark Bosnich,,1994-1995
598,19,Crystal Palace,42,11,12,19,34,49,-15,45,1.07,,,,,,14867.0,Chris Armstrong - 8,Nigel Martyn,Relegated,1994-1995
599,20,Norwich City,42,10,13,19,37,54,-17,43,1.02,,,,,,18724.0,Ashley Ward - 8,Bryan Gunn,Relegated,1994-1995
600,21,Leicester City,42,6,11,25,45,80,-35,29,0.69,,,,,,20235.0,"Iwan Roberts, Mark Robins - 9",Kevin Poole,Relegated,1994-1995
601,22,Ipswich Town,42,7,6,29,36,93,-57,27,0.64,,,,,,17581.0,Claus Thomsen - 5,Craig Forrest,Relegated,1994-1995
602,1,Manchester Utd,42,27,11,4,80,38,42,92,2.19,,,,,,44246.0,Eric Cantona - 18,Peter Schmeichel,→ Champions League via league finish,1993-1994
603,2,Blackburn,42,25,9,8,63,36,27,84,2.0,,,,,,17303.0,Alan Shearer - 31,Tim Flowers,→ UEFA Cup via league finish,1993-1994
604,3,Newcastle Utd,42,23,8,11,82,41,41,77,1.83,,,,,,33792.0,Andy Cole - 34,Pavel Srníček,→ UEFA Cup via league finish,1993-1994
605,4,Arsenal,42,18,17,7,53,28,25,71,1.69,,,,,,30492.0,Ian Wright - 23,David Seaman,→ UEFA Cup Winners' Cup,1993-1994
606,5,Leeds United,42,18,16,8,65,39,26,70,1.67,,,,,,36368.0,Rod Wallace - 17,Mark Beeney,,1993-1994
607,6,Wimbledon,42,18,11,13,56,53,3,65,1.55,,,,,,10462.0,Dean Holdsworth - 17,Hans Segers,,1993-1994
608,7,Sheffield Weds,42,16,16,10,76,54,22,64,1.52,,,,,,27187.0,Mark Bright - 19,Kevin Pressman,,1993-1994
609,8,Liverpool,42,17,9,16,59,55,4,60,1.43,,,,,,38503.0,Ian Rush - 14,Bruce Grobbelaar,,1993-1994
610,9,QPR,42,16,12,14,62,61,1,60,1.43,,,,,,14133.0,Les Ferdinand - 16,Jan Stejskal,,1993-1994
611,10,Aston Villa,42,15,12,15,46,50,-4,57,1.36,,,,,,28957.0,Dean Saunders - 10,Mark Bosnich,→ UEFA Cup via cup win 1,1993-1994
612,11,Coventry City,42,14,14,14,43,45,-2,56,1.33,,,,,,13564.0,Peter Ndlovu - 11,Steve Ogrizovic,,1993-1994
613,12,Norwich City,42,12,17,13,65,61,4,53,1.26,,,,,,18179.0,Chris Sutton - 25,Bryan Gunn,,1993-1994
614,13,West Ham,42,13,13,16,47,58,-11,52,1.24,,,,,,20595.0,Trevor Morley - 13,Luděk Mikloško,,1993-1994
615,14,Chelsea,42,13,12,17,49,53,-4,51,1.21,,,,,,19211.0,Mark Stein - 13,Dmitri Kharine,→ UEFA Cup Winners' Cup via cup loss 2,1993-1994
616,15,Tottenham,42,11,12,19,54,59,-5,45,1.07,,,,,,27255.0,Teddy Sheringham - 14,Erik Thorstvedt,,1993-1994
617,16,Manchester City,42,9,18,15,38,49,-11,45,1.07,,,,,,26709.0,Mike Sheron - 6,Tony Coton,,1993-1994
618,17,Everton,42,12,8,22,42,63,-21,44,1.05,,,,,,22900.0,Tony Cottee - 16,Neville Southall,,1993-1994
619,18,Southampton,42,12,7,23,49,66,-17,43,1.02,,,,,,14764.0,Matt Le Tissier - 25,Dave Beasant,,1993-1994
620,19,Ipswich Town,42,9,16,17,35,58,-23,43,1.02,,,,,,16411.0,Ian Marshall - 10,Craig Forrest,,1993-1994
621,20,Sheffield Utd,42,8,18,16,42,60,-18,42,1.0,,,,,,19562.0,Jostein Flo - 9,Alan Kelly Jr.,Relegated,1993-1994
622,21,Oldham Athletic,42,9,13,20,42,68,-26,40,0.95,,,,,,12589.0,Graeme Sharp - 9,Jon Hallworth,Relegated,1993-1994
623,22,Swindon Town,42,5,15,22,47,100,-53,30,0.71,,,,,,15011.0,Jan Åge Fjørtoft - 12,Fraser Digby,Relegated,1993-1994
624,1,Manchester Utd,42,24,12,6,67,31,36,84,2.0,,,,,,35132.0,Mark Hughes - 15,Peter Schmeichel,→ Champions League via league finish,1992-1993
625,2,Aston Villa,42,21,11,10,57,40,17,74,1.76,,,,,,29594.0,Dean Saunders - 13,Nigel Spink,→ UEFA Cup via league finish,1992-1993
626,3,Norwich City,42,21,9,12,61,65,-4,72,1.71,,,,,,16253.0,Mark Robins - 15,Bryan Gunn,→ UEFA Cup via league finish 1,1992-1993
627,4,Blackburn,42,20,11,11,68,46,22,71,1.69,,,,,,16247.0,Alan Shearer - 16,Bobby Mimms,,1992-1993
628,5,QPR,42,17,12,13,63,55,8,63,1.5,,,,,,15001.0,Les Ferdinand - 20,Tony Roberts,,1992-1993
629,6,Liverpool,42,16,11,15,62,55,7,59,1.4,,,,,,37009.0,Ian Rush - 14,David James,,1992-1993
630,7,Sheffield Weds,42,15,14,13,55,51,4,59,1.4,,,,,,27264.0,Mark Bright - 12,Chris Woods,,1992-1993
631,8,Tottenham,42,16,11,15,60,66,-6,59,1.4,,,,,,27879.0,Teddy Sheringham - 21,Erik Thorstvedt,,1992-1993
632,9,Manchester City,42,15,12,15,56,51,5,57,1.36,,,,,,24698.0,David White - 16,Tony Coton,,1992-1993
633,10,Arsenal,42,15,11,16,40,38,2,56,1.33,,,,,,24403.0,Ian Wright - 15,David Seaman,→ European Cup Winners' Cup via cup win 2,1992-1993
634,11,Chelsea,42,14,14,14,51,54,-3,56,1.33,,,,,,18754.0,"Mick Harford, Graham Stuart - 9",Kevin Hitchcock,,1992-1993
635,12,Wimbledon,42,14,12,16,56,55,1,54,1.29,,,,,,8405.0,Dean Holdsworth - 19,Hans Segers,,1992-1993
636,13,Everton,42,15,8,19,53,55,-2,53,1.26,,,,,,20457.0,Tony Cottee - 12,Neville Southall,,1992-1993
637,14,Sheffield Utd,42,14,10,18,54,53,1,52,1.24,,,,,,18799.0,Brian Deane - 15,Alan Kelly Jr.,,1992-1993
638,15,Coventry City,42,13,13,16,52,57,-5,52,1.24,,,,,,15504.0,Micky Quinn - 17,Steve Ogrizovic,,1992-1993
639,16,Ipswich Town,42,12,16,14,50,55,-5,52,1.24,,,,,,18185.0,Chris Kiwomya - 10,Clive Baker,,1992-1993
640,17,Leeds United,42,12,15,15,57,62,-5,51,1.21,,,,,,29229.0,Lee Chapman - 13,John Lukic,,1992-1993
641,18,Southampton,42,13,11,18,54,61,-7,50,1.19,,,,,,15382.0,Matt Le Tissier - 15,Tim Flowers,,1992-1993
642,19,Oldham Athletic,42,13,10,19,63,74,-11,49,1.17,,,,,,12862.0,Ian Olney - 12,Paul Gerrard,,1992-1993
643,20,Crystal Palace,42,11,16,15,48,61,-13,49,1.17,,,,,,15726.0,Chris Armstrong - 15,Nigel Martyn,Relegated,1992-1993
644,21,Middlesbrough,42,11,11,20,54,75,-21,44,1.05,,,,,,16522.0,Paul Wilkinson - 13,Stephen Pears,Relegated,1992-1993
645,22,Nott'ham Forest,42,10,10,22,41,62,-21,40,0.95,,,,,,21910.0,Nigel Clough - 10,Mark Crossley,Relegated,1992-1993
646,1,Leeds United,42,22,16,4,74,37,37,82,1.95,,,,,,,,,,1991-1992
647,2,Manchester Utd,42,21,15,6,63,33,30,78,1.86,,,,,,,,,,1991-1992
648,3,Sheffield Weds,42,21,12,9,62,49,13,75,1.79,,,,,,,,,,1991-1992
649,4,Arsenal,42,19,15,8,81,46,35,72,1.71,,,,,,,,,,1991-1992
650,5,Manchester City,42,20,10,12,61,48,13,70,1.67,,,,,,,,,,1991-1992
651,6,Liverpool,42,16,16,10,47,40,7,64,1.52,,,,,,,,,,1991-1992
652,7,Aston Villa,42,17,9,16,48,44,4,60,1.43,,,,,,,,,,1991-1992
653,8,Nott'ham Forest,42,16,11,15,60,58,2,59,1.4,,,,,,,,,,1991-1992
654,9,Sheffield Utd,42,16,9,17,65,63,2,57,1.36,,,,,,,,,,1991-1992
655,10,Crystal Palace,42,14,15,13,53,61,-8,57,1.36,,,,,,,,,,1991-1992
656,11,QPR,42,12,18,12,48,47,1,54,1.29,,,,,,,,,,1991-1992
657,12,Everton,42,13,14,15,52,51,1,53,1.26,,,,,,,,,,1991-1992
658,13,Wimbledon,42,13,14,15,53,53,0,53,1.26,,,,,,,,,,1991-1992
659,14,Chelsea,42,13,14,15,50,60,-10,53,1.26,,,,,,,,,,1991-1992
660,15,Tottenham,42,15,7,20,58,63,-5,52,1.24,,,,,,,,,,1991-1992
661,16,Southampton,42,14,10,18,39,55,-16,52,1.24,,,,,,,,,,1991-1992
662,17,Oldham Athletic,42,14,9,19,63,67,-4,51,1.21,,,,,,,,,,1991-1992
663,18,Norwich City,42,11,12,19,47,63,-16,45,1.07,,,,,,,,,,1991-1992
664,19,Coventry City,42,11,11,20,35,44,-9,44,1.05,,,,,,,,,,1991-1992
665,20,Luton Town,42,10,12,20,38,71,-33,42,1.0,,,,,,,,,,1991-1992
666,21,Notts County,42,10,10,22,40,62,-22,40,0.95,,,,,,,,,,1991-1992
667,22,West Ham,42,9,11,22,37,59,-22,38,0.9,,,,,,,,,,1991-1992
668,1,Arsenal,38,24,13,1,74,18,56,83,2.18,,,,,,,,,2-point deduction 1,1990-1991
669,2,Liverpool,38,23,7,8,77,40,37,76,2.0,,,,,,,,,,1990-1991
670,3,Crystal Palace,38,20,9,9,50,41,9,69,1.82,,,,,,,,,,1990-1991
671,4,Leeds United,38,19,7,12,65,47,18,64,1.68,,,,,,,,,,1990-1991
672,5,Manchester City,38,17,11,10,64,53,11,62,1.63,,,,,,,,,,1990-1991
673,6,Manchester Utd,38,16,12,10,58,45,13,59,1.55,,,,,,,,,1-point deduction 2,1990-1991
674,7,Wimbledon,38,14,14,10,53,46,7,56,1.47,,,,,,,,,,1990-1991
675,8,Nott'ham Forest,38,14,12,12,65,50,15,54,1.42,,,,,,,,,,1990-1991
676,9,Everton,38,13,12,13,50,46,4,51,1.34,,,,,,,,,,1990-1991
677,10,Tottenham,38,11,16,11,51,50,1,49,1.29,,,,,,,,,,1990-1991
678,11,Chelsea,38,13,10,15,58,69,-11,49,1.29,,,,,,,,,,1990-1991
679,12,QPR,38,12,10,16,44,53,-9,46,1.21,,,,,,,,,,1990-1991
680,13,Sheffield Utd,38,13,7,18,36,55,-19,46,1.21,,,,,,,,,,1990-1991
681,14,Southampton,38,12,9,17,58,69,-11,45,1.18,,,,,,,,,,1990-1991
682,15,Norwich City,38,13,6,19,41,64,-23,45,1.18,,,,,,,,,,1990-1991
683,16,Coventry City,38,11,11,16,42,49,-7,44,1.16,,,,,,,,,,1990-1991
684,17,Aston Villa,38,9,14,15,46,58,-12,41,1.08,,,,,,,,,,1990-1991
685,18,Luton Town,38,10,7,21,42,61,-19,37,0.97,,,,,,,,,,1990-1991
686,19,Sunderland,38,8,10,20,38,60,-22,34,0.89,,,,,,,,,Relegated,1990-1991
687,20,Derby County,38,5,9,24,37,75,-38,24,0.63,,,,,,,,,Relegated,1990-1991
